"";"desc";"Estimate";"Std. Error";"z-value";"p-value";"low0.95CI";"high0.95CI"
"(Intercept)_ABCD";"BIRTH_WEIGHT~MOD_VIG+";3477,97714889396;7,61754925805558;456,574290637634;0;3463,04702669771;3492,90727109021
"MOD_VIG_ABCD";"BIRTH_WEIGHT~MOD_VIG+";10,8779918057846;2,03426396272047;5,34738460943743;8,92342648429789e-08;6,89090770380479;14,8650759077645
"(Intercept)_ABCD1";"BIRTH_WEIGHT~MOD_VIG+GESTATIONAL_AGE";-2542,66850048419;180,020604515084;-14,1243193096329;2,68986353114504e-45;-2895,50240180888;-2189,83459915949
"MOD_VIG_ABCD1";"BIRTH_WEIGHT~MOD_VIG+GESTATIONAL_AGE";7,77700852506464;1,88122528640007;4,13401232764991;3,5648434026167e-05;4,08987471691445;11,4641423332148
"GESTATIONAL_AGE_ABCD";"BIRTH_WEIGHT~MOD_VIG+GESTATIONAL_AGE";150,436449240041;4,49469538087945;33,4697763679384;1,32718192878261e-245;141,627008172039;159,245890308043
"(Intercept)_ABCD2";"BIRTH_WEIGHT~MOD_VIG+GESTATIONAL_AGE+SEX";-2477,39745181604;177,89014670855;-13,9265580340149;4,36908921698301e-44;-2826,05573256935;-2128,73917106274
"MOD_VIG_ABCD2";"BIRTH_WEIGHT~MOD_VIG+GESTATIONAL_AGE+SEX";7,5970063196053;1,85824804858363;4,08826277277449;4,34615685413266e-05;3,95490707003955;11,239105569171
"GESTATIONAL_AGE_ABCD1";"BIRTH_WEIGHT~MOD_VIG+GESTATIONAL_AGE+SEX";150,549311873476;4,43967838484644;33,9099589707518;4,75129336028924e-252;141,847702136236;159,250921610716
"SEX1_ABCD";"BIRTH_WEIGHT~MOD_VIG+GESTATIONAL_AGE+SEX";-138,123966887478;10,8146565734414;-12,7719235418609;2,35267545202077e-37;-159,320304276592;-116,927629498363
"(Intercept)_ABCD3";"MACROSOMIA~MOD_VIG+";-1,94792020149397;0,0469244806303675;-41,511811645569;0;-2,03989049352274;-1,8559499094652
"MOD_VIG_ABCD3";"MACROSOMIA~MOD_VIG+";0,0366900876357193;0,0114843732916187;3,1947836163159;0,00139935715146482;0,014181129599133;0,0591990456723057
"(Intercept)_ABCD4";"MACROSOMIA~MOD_VIG+GESTATIONAL_AGE";-24,5684220566211;1,39524732638476;-17,6086501597395;2,11427092494268e-69;-27,303056565861;-21,8337875473811
"MOD_VIG_ABCD4";"MACROSOMIA~MOD_VIG+GESTATIONAL_AGE";0,0307578646775505;0,0120596135569594;2,55048509906859;0,0107573122477602;0,00712145643843915;0,0543942729166619
"GESTATIONAL_AGE_ABCD2";"MACROSOMIA~MOD_VIG+GESTATIONAL_AGE";0,560872562829451;0,0343432307844334;16,3313861281704;5,9027844843882e-60;0,493561067379214;0,628184058279688
"(Intercept)_ABCD5";"MACROSOMIA~MOD_VIG+GESTATIONAL_AGE+SEX";-24,3480277579554;1,39828903094689;-17,412728855827;6,6058725127522e-68;-27,0886238985887;-21,6074316173221
"MOD_VIG_ABCD5";"MACROSOMIA~MOD_VIG+GESTATIONAL_AGE+SEX";0,0300801530715571;0,0121267790658717;2,48047341409982;0,0131208047977291;0,00631210285397417;0,05384820328914
"GESTATIONAL_AGE_ABCD3";"MACROSOMIA~MOD_VIG+GESTATIONAL_AGE+SEX";0,562908170244655;0,0344391618904309;16,3450020077597;4,72155434522916e-60;0,495408653281666;0,630407687207644
"SEX1_ABCD1";"MACROSOMIA~MOD_VIG+GESTATIONAL_AGE+SEX";-0,676453895961015;0,0768979016079332;-8,79677964959227;1,40798402450356e-18;-0,827171013599269;-0,525736778322761
"(Intercept)_ABCD6";"BIRTH_WEIGHT_LGA~MOD_VIG+";-1,95266491108731;0,00504005725350483;-387,429112978715;0;-1,9625432417842;-1,94278658039042
"MOD_VIG_ABCD6";"BIRTH_WEIGHT_LGA~MOD_VIG+";-0,00443318258143393;0,00134594559136069;-3,29373089810576;0,00098867101939474;-0,00707118746565134;-0,00179517769721652
"(Intercept)_ABCD7";"BIRTH_WEIGHT_LGA~MOD_VIG+GESTATIONAL_AGE";-2,25272431150706;0,128910549238561;-17,4750966838112;2,21769387544978e-68;-2,50538434524191;-2,0000642777722
"MOD_VIG_ABCD7";"BIRTH_WEIGHT_LGA~MOD_VIG+GESTATIONAL_AGE";-0,00458773065453315;0,00134712237837743;-3,40557823711529;0,000660240924910896;-0,00722804199892084;-0,00194741931014545
"GESTATIONAL_AGE_ABCD4";"BIRTH_WEIGHT_LGA~MOD_VIG+GESTATIONAL_AGE";0,00749751328828065;0,00321859629218523;2,32943575635275;0,0198359926817374;0,00118918047482345;0,0138058461017379
"(Intercept)_ABCD8";"BIRTH_WEIGHT_LGA~MOD_VIG+GESTATIONAL_AGE+SEX";-2,25449491427693;0,128971434231692;-17,480575661637;2,0145497522771e-68;-2,50727428040552;-2,00171554814833
"MOD_VIG_ABCD8";"BIRTH_WEIGHT_LGA~MOD_VIG+GESTATIONAL_AGE+SEX";-0,00458284774840443;0,00134724109467809;-3,40165376969848;0,000669794356526877;-0,0072233917724658;-0,00194230372434306
"GESTATIONAL_AGE_ABCD5";"BIRTH_WEIGHT_LGA~MOD_VIG+GESTATIONAL_AGE+SEX";0,00749445167221238;0,0032187937298135;2,3283417022956;0,0198939665815099;0,00118573188811456;0,0138031714563102
"SEX1_ABCD2";"BIRTH_WEIGHT_LGA~MOD_VIG+GESTATIONAL_AGE+SEX";0,0037468783380582;0,00784069154366993;0,477876003307793;0,632738461875977;-0,0116205947014226;0,019114351377539
"(Intercept)_ABCD9";"BIRTH_WEIGHT~LTPA_DUR+";3473,49611212997;8,09863154713569;428,899140788603;0;3457,62308597352;3489,36913828641
"LTPA_DUR_ABCD";"BIRTH_WEIGHT~LTPA_DUR+";10,4532452725262;1,91876791246618;5,44789456015592;5,09695569437926e-08;6,69252926940142;14,213961275651
"(Intercept)_ABCD10";"BIRTH_WEIGHT~LTPA_DUR+GESTATIONAL_AGE";-2543,81114353805;180,008316003915;-14,1316312490959;2,42462062919762e-45;-2896,62095982343;-2191,00132725267
"LTPA_DUR_ABCD1";"BIRTH_WEIGHT~LTPA_DUR+GESTATIONAL_AGE";7,40979149239413;1,77469833098876;4,17524001854772;2,97672035297857e-05;3,93144668023281;10,8881363045555
"GESTATIONAL_AGE_ABCD6";"BIRTH_WEIGHT~LTPA_DUR+GESTATIONAL_AGE";150,389576870484;4,49503186272048;33,4568433469269;2,04669302006117e-245;141,579476310192;159,199677430776
"(Intercept)_ABCD11";"BIRTH_WEIGHT~LTPA_DUR+GESTATIONAL_AGE+SEX";-2478,75489603548;177,882510619732;-13,9347869973256;3,89360243744619e-44;-2827,39821032972;-2130,11158174124
"LTPA_DUR_ABCD2";"BIRTH_WEIGHT~LTPA_DUR+GESTATIONAL_AGE+SEX";7,16493172815387;1,7531243709975;4,08695004569307;4,3708118333507e-05;3,72887110057933;10,6009923557284
"GESTATIONAL_AGE_ABCD7";"BIRTH_WEIGHT~LTPA_DUR+GESTATIONAL_AGE+SEX";150,51294949055;4,44013283331958;33,8982987988723;7,05748077985058e-252;141,81044905067;159,215449930431
"SEX1_ABCD3";"BIRTH_WEIGHT~LTPA_DUR+GESTATIONAL_AGE+SEX";-137,975394518984;10,815002573693;-12,757777317095;2,82137012830559e-37;-159,172410056131;-116,778378981838
"(Intercept)_ABCD12";"MACROSOMIA~LTPA_DUR+";-1,96751879867349;0,0497934932977113;-39,5135723237945;0;-2,06511225220144;-1,86992534514554
"LTPA_DUR_ABCD3";"MACROSOMIA~LTPA_DUR+";0,0366378196252701;0,010846893244063;3,37772473655749;0,000730882027446682;0,0153782995227557;0,0578973397277844
"(Intercept)_ABCD13";"MACROSOMIA~LTPA_DUR+GESTATIONAL_AGE";-24,5731414143929;1,39528761609228;-17,6115240549571;2,0096052938178e-69;-27,3078548900085;-21,8384279387773
"LTPA_DUR_ABCD4";"MACROSOMIA~LTPA_DUR+GESTATIONAL_AGE";0,030796366931491;0,0113964703054796;2,70227237960543;0,00688673199931314;0,0084596955818708;0,0531330382811111
"GESTATIONAL_AGE_ABCD8";"MACROSOMIA~LTPA_DUR+GESTATIONAL_AGE";0,560575628778323;0,0343443756724407;16,3221959288126;6,86220895527458e-60;0,493261889388825;0,62788936816782
"(Intercept)_ABCD14";"MACROSOMIA~LTPA_DUR+GESTATIONAL_AGE+SEX";-24,3511253949976;1,39832152459073;-17,414539479484;6,40018046414129e-68;-27,0917852220025;-21,6104655679926
"LTPA_DUR_ABCD5";"MACROSOMIA~LTPA_DUR+GESTATIONAL_AGE+SEX";0,029647983162171;0,0114597114656063;2,58714918356825;0,00967736834554865;0,00718736141636198;0,0521086049079799
"GESTATIONAL_AGE_ABCD9";"MACROSOMIA~LTPA_DUR+GESTATIONAL_AGE+SEX";0,562604658410716;0,0344404684363669;16,3355692867592;5,5115419734693e-60;0,495102580664748;0,630106736156683
"SEX1_ABCD4";"MACROSOMIA~LTPA_DUR+GESTATIONAL_AGE+SEX";-0,675498061782503;0,0769032217460211;-8,7837420389667;1,58124099642542e-18;-0,826225606699802;-0,524770516865205
"(Intercept)_ABCD15";"BIRTH_WEIGHT_LGA~LTPA_DUR+";-1,95725269438508;0,0053622206379023;-365,007862703457;0;-1,96776245371253;-1,94674293505764
"LTPA_DUR_ABCD6";"BIRTH_WEIGHT_LGA~LTPA_DUR+";-0,00203050076424174;0,00127044388174565;-1,59826088614928;0,109984928393413;-0,00452052501684248;0,000459523488359008
"(Intercept)_ABCD16";"BIRTH_WEIGHT_LGA~LTPA_DUR+GESTATIONAL_AGE";-2,24694819846027;0,128991014604331;-17,4194164248773;5,87735213029052e-68;-2,49976594141404;-1,9941304555065
"LTPA_DUR_ABCD7";"BIRTH_WEIGHT_LGA~LTPA_DUR+GESTATIONAL_AGE";-0,00217702392476912;0,00127171979280043;-1,71187390264261;0,0869199090169116;-0,0046695489170847;0,000315501067546459
"GESTATIONAL_AGE_ABCD10";"BIRTH_WEIGHT_LGA~LTPA_DUR+GESTATIONAL_AGE";0,00724031239024888;0,00322106630139521;2,24779986276989;0,024588954635401;0,000927138447698636;0,0135534863327991
"(Intercept)_ABCD17";"BIRTH_WEIGHT_LGA~LTPA_DUR+GESTATIONAL_AGE+SEX";-2,2487411421858;0,129051644748599;-17,4251257825229;5,31913547655672e-68;-2,50167771803872;-1,99580456633289
"LTPA_DUR_ABCD8";"BIRTH_WEIGHT_LGA~LTPA_DUR+GESTATIONAL_AGE+SEX";-0,00217027561396447;0,00127187086992342;-1,70636474604937;0,0879401901269835;-0,00466309671200001;0,000322545484071064
"GESTATIONAL_AGE_ABCD11";"BIRTH_WEIGHT_LGA~LTPA_DUR+GESTATIONAL_AGE+SEX";0,00723691225308234;0,0032212635353854;2,2466067037314;0,0246651733714516;0,000923351739014788;0,0135504727671499
"SEX1_ABCD5";"BIRTH_WEIGHT_LGA~LTPA_DUR+GESTATIONAL_AGE+SEX";0,00380258818142856;0,00784615567451179;0,484643478816161;0,627929266275216;-0,0115755943577091;0,0191807707205662
"(Intercept)_ABCD18";"BIRTH_WEIGHT~LTPA_EE+";3474,5933099415;7,78453804080565;446,345472490221;0;3459,33589574524;3489,85072413776
"LTPA_EE_ABCD";"BIRTH_WEIGHT~LTPA_EE+";2,23838268955739;0,390092954660253;5,73807515059298;9,57586264271767e-09;1,47381454780048;3,0029508313143
"(Intercept)_ABCD19";"BIRTH_WEIGHT~LTPA_EE+GESTATIONAL_AGE";-2538,30699432877;180,013338691545;-14,1006606109239;3,76231183594441e-45;-2891,126654901;-2185,48733375653
"LTPA_EE_ABCD1";"BIRTH_WEIGHT~LTPA_EE+GESTATIONAL_AGE";1,57693128190846;0,360915265440603;4,36925625737485;1,24670403435927e-05;0,869550360174163;2,28431220364275
"GESTATIONAL_AGE_ABCD12";"BIRTH_WEIGHT~LTPA_EE+GESTATIONAL_AGE";150,274771440539;4,49531286873178;33,4292130111368;5,16080279848701e-245;141,464120118585;159,085422762493
"(Intercept)_ABCD20";"BIRTH_WEIGHT~LTPA_EE+GESTATIONAL_AGE+SEX";-2473,47489872295;177,8883067654;-13,9046514281851;5,93553181774146e-44;-2822,12957325395;-2124,82022419195
"LTPA_EE_ABCD2";"BIRTH_WEIGHT~LTPA_EE+GESTATIONAL_AGE+SEX";1,52375527288073;0,356533444550093;4,27380739779838;1,92163044893193e-05;0,824962562278537;2,22254798348292
"GESTATIONAL_AGE_ABCD13";"BIRTH_WEIGHT~LTPA_EE+GESTATIONAL_AGE+SEX";150,402627973914;4,44044357617899;33,8710818848723;1,77631607033202e-251;141,699518489221;159,105737458607
"SEX1_ABCD6";"BIRTH_WEIGHT~LTPA_EE+GESTATIONAL_AGE+SEX";-137,918834848586;10,8137976292596;-12,753968548053;2,96270241308028e-37;-159,11348873804;-116,724180959133
"(Intercept)_ABCD21";"MACROSOMIA~LTPA_EE+";-1,96527234195819;0,0478467977171703;-41,0742711262562;0;-2,05905034225942;-1,87149434165696
"LTPA_EE_ABCD3";"MACROSOMIA~LTPA_EE+";0,00791967657455179;0,00217409350185443;3,6427488366055;0,000269742008299605;0,00365853161189454;0,012180821537209
"(Intercept)_ABCD22";"MACROSOMIA~LTPA_EE+GESTATIONAL_AGE";-24,5504051219521;1,39538321272961;-17,5940235614038;2,73733121000277e-69;-27,2853059635339;-21,8155042803703
"LTPA_EE_ABCD4";"MACROSOMIA~LTPA_EE+GESTATIONAL_AGE";0,00663025418550709;0,00228509413966337;2,90152342978913;0,00371353008151787;0,00215155197048335;0,0111089564005308
"GESTATIONAL_AGE_ABCD14";"MACROSOMIA~LTPA_EE+GESTATIONAL_AGE";0,560067159699217;0,034349547494507;16,3049355974422;9,10348380253853e-60;0,492743283724735;0,627391035673698
"(Intercept)_ABCD23";"MACROSOMIA~LTPA_EE+GESTATIONAL_AGE+SEX";-24,3281748843251;1,39843750981676;-17,3966835940441;8,74199128358396e-68;-27,0690620381958;-21,5872877304543
"LTPA_EE_ABCD5";"MACROSOMIA~LTPA_EE+GESTATIONAL_AGE+SEX";0,00644298385106968;0,0023087272303588;2,79070812972062;0,00525928745549056;0,00191796162943952;0,0109680060726998
"GESTATIONAL_AGE_ABCD15";"MACROSOMIA~LTPA_EE+GESTATIONAL_AGE+SEX";0,562068248936837;0,0344465307522855;16,3171221212036;7,45690772878698e-60;0,494554289270006;0,629582208603668
"SEX1_ABCD7";"MACROSOMIA~LTPA_EE+GESTATIONAL_AGE+SEX";-0,675502519557278;0,0769094797849739;-8,78308527694986;1,59050494521809e-18;-0,826242330005538;-0,524762709109018
"(Intercept)_ABCD24";"BIRTH_WEIGHT_LGA~LTPA_EE+";-1,95497709562587;0,00515421230825341;-379,296966967266;0;-1,96507916611872;-1,94487502513302
"LTPA_EE_ABCD6";"BIRTH_WEIGHT_LGA~LTPA_EE+";-0,000627061130858344;0,000258284036603504;-2,42779669663037;0,0151908560057892;-0,00113328854038284;-0,000120833721333852
"(Intercept)_ABCD25";"BIRTH_WEIGHT_LGA~LTPA_EE+GESTATIONAL_AGE";-2,25139627577524;0,128975547865131;-17,4559931168465;3,09940078359658e-68;-2,50418370447722;-1,99860884707327
"LTPA_EE_ABCD7";"BIRTH_WEIGHT_LGA~LTPA_EE+GESTATIONAL_AGE";-0,000659668836631331;0,000258587749282589;-2,55104442674287;0,0107400634272989;-0,00116649151206848;-0,000152846161194183
"GESTATIONAL_AGE_ABCD16";"BIRTH_WEIGHT_LGA~LTPA_EE+GESTATIONAL_AGE";0,00740812624415268;0,00322079154958248;2,30009490838146;0,0214428436835749;0,00109549080526007;0,0137207616830453
"(Intercept)_ABCD26";"BIRTH_WEIGHT_LGA~LTPA_EE+GESTATIONAL_AGE+SEX";-2,25314292761789;0,129035937912044;-17,461359711693;2,8213337963144e-68;-2,50604871863684;-2,00023713659893
"LTPA_EE_ABCD8";"BIRTH_WEIGHT_LGA~LTPA_EE+GESTATIONAL_AGE+SEX";-0,000658236213278885;0,000258620863007064;-2,54517831866065;0,0109221946468313;-0,0011651237904234;-0,000151348636134373
"GESTATIONAL_AGE_ABCD17";"BIRTH_WEIGHT_LGA~LTPA_EE+GESTATIONAL_AGE+SEX";0,00740468164086575;0,00322099193598718;2,29888239027719;0,0215116186239509;0,00109165345183694;0,0137177098298946
"SEX1_ABCD8";"BIRTH_WEIGHT_LGA~LTPA_EE+GESTATIONAL_AGE+SEX";0,0037156933579463;0,0078440710626515;0,473694504839213;0,635717772523261;-0,0116584034170235;0,0190897901329161
"(Intercept)_ALSPAC";"BIRTH_WEIGHT~MOD_VIG+";3487,37822036794;7,11360090620245;490,240915445121;0;3473,43581879139;3501,32062194448
"MOD_VIG_ALSPAC";"BIRTH_WEIGHT~MOD_VIG+";0,318605239639866;1,40978821275791;0,225995108170603;0,821205225029484;-2,44452888319474;3,08173936247447
"(Intercept)_ALSPAC1";"BIRTH_WEIGHT~MOD_VIG+GESTATIONAL_AGE";-1402,04710407495;143,982801686445;-9,73760121106846;2,08415938251976e-22;-1684,24820977356;-1119,84599837635
"MOD_VIG_ALSPAC1";"BIRTH_WEIGHT~MOD_VIG+GESTATIONAL_AGE";0,230962101488809;1,32768692910335;0,17395825508713;0,861898269557607;-2,37125646229834;2,83318066527595
"GESTATIONAL_AGE_ALSPAC";"BIRTH_WEIGHT~MOD_VIG+GESTATIONAL_AGE";122,986322078576;3,61775375361179;33,9952164947083;2,62159171719953e-253;115,895655016563;130,07698914059
"(Intercept)_ALSPAC2";"BIRTH_WEIGHT~MOD_VIG+GESTATIONAL_AGE+SEX";-1413,47880804407;142,199216462215;-9,94013077715974;2,78461324466552e-23;-1692,18415093982;-1134,77346514831
"MOD_VIG_ALSPAC2";"BIRTH_WEIGHT~MOD_VIG+GESTATIONAL_AGE+SEX";0,284210341834074;1,3112264915665;0,216751525127084;0,828401991146928;-2,28574635721108;2,85416704087923
"GESTATIONAL_AGE_ALSPAC1";"BIRTH_WEIGHT~MOD_VIG+GESTATIONAL_AGE+SEX";124,974980242706;3,57529579685745;34,9551442296199;1,08165472217497e-267;117,967529246788;131,982431238624
"SEX1_ALSPAC";"BIRTH_WEIGHT~MOD_VIG+GESTATIONAL_AGE+SEX";-138,751193038999;9,15222915187032;-15,1603713954916;6,4702426301766e-52;-156,689232554922;-120,813153523076
"(Intercept)_ALSPAC3";"MACROSOMIA~MOD_VIG+";-1,94634737966993;0,0456945682475859;-42,5947208675673;0;-2,0359070877243;-1,85678767161555
"MOD_VIG_ALSPAC3";"MACROSOMIA~MOD_VIG+";0,0071144153860243;0,00892544433044738;0,797093693336351;0,425396618821755;-0,0103791340476698;0,0246079648197184
"(Intercept)_ALSPAC4";"MACROSOMIA~MOD_VIG+GESTATIONAL_AGE";-19,9142878584234;1,11347351246489;-17,8848330341861;1,54816235661759e-71;-22,0966558405939;-17,7319198762529
"MOD_VIG_ALSPAC4";"MACROSOMIA~MOD_VIG+GESTATIONAL_AGE";0,00739553577983426;0,00904844427197325;0,817326775470262;0,413741709208957;-0,010339089109351;0,0251301606690196
"GESTATIONAL_AGE_ALSPAC2";"MACROSOMIA~MOD_VIG+GESTATIONAL_AGE";0,448964708243964;0,0276290145851171;16,2497546505263;2,24260094611065e-59;0,394812834728803;0,503116581759125
"(Intercept)_ALSPAC5";"MACROSOMIA~MOD_VIG+GESTATIONAL_AGE+SEX";-20,0924081415301;1,11694083034896;-17,988784719467;2,3853175437052e-72;-22,2815719418763;-17,9032443411839
"MOD_VIG_ALSPAC5";"MACROSOMIA~MOD_VIG+GESTATIONAL_AGE+SEX";0,00784216951703005;0,00913743431556304;0,85824633548097;0,390756455208698;-0,0100668726525739;0,025751211686634
"GESTATIONAL_AGE_ALSPAC3";"MACROSOMIA~MOD_VIG+GESTATIONAL_AGE+SEX";0,460550029567976;0,0277494976804514;16,5966978887844;7,36318225277304e-62;0,406162013525213;0,514938045610738
"SEX1_ALSPAC1";"MACROSOMIA~MOD_VIG+GESTATIONAL_AGE+SEX";-0,661126977238775;0,0663935801848282;-9,95769433427618;2,33413019953841e-23;-0,791256003205711;-0,53099795127184
"(Intercept)_ALSPAC6";"BIRTH_WEIGHT_LGA~MOD_VIG+";-1,38297245272502;0,0376321499744906;-36,7497592792992;1,17296740984593e-295;-1,45673011133583;-1,30921479411421
"MOD_VIG_ALSPAC6";"BIRTH_WEIGHT_LGA~MOD_VIG+";0,0131524292308314;0,00730586232989277;1,80025692203599;0,0718200795345756;-0,00116679781176628;0,0274716562734291
"(Intercept)_ALSPAC7";"BIRTH_WEIGHT_LGA~MOD_VIG+GESTATIONAL_AGE";-0,504892385491957;0,802863864020191;-0,628864254724085;0,529437929445352;-2,07847664346019;1,06869187247628
"MOD_VIG_ALSPAC7";"BIRTH_WEIGHT_LGA~MOD_VIG+GESTATIONAL_AGE";0,0131730663206952;0,00730697337437766;1,80280748892385;0,0714184536440496;-0,0011483383290781;0,0274944709704685
"GESTATIONAL_AGE_ALSPAC4";"BIRTH_WEIGHT_LGA~MOD_VIG+GESTATIONAL_AGE";-0,0220931339606825;0,0201840079193592;-1,09458607274387;0,273698019877816;-0,0616530625462977;0,0174667946249328
"(Intercept)_ALSPAC8";"BIRTH_WEIGHT_LGA~MOD_VIG+GESTATIONAL_AGE+SEX";-0,520741497933746;0,802923550243491;-0,648556762067607;0,516624910620742;-2,09444273875003;1,05295974288253
"MOD_VIG_ALSPAC8";"BIRTH_WEIGHT_LGA~MOD_VIG+GESTATIONAL_AGE+SEX";0,0132617451565474;0,0073141407205685;1,81316516364709;0,0698063510676501;-0,00107370723362466;0,0275971975467195
"GESTATIONAL_AGE_ALSPAC5";"BIRTH_WEIGHT_LGA~MOD_VIG+GESTATIONAL_AGE+SEX";-0,0196951129239683;0,020198280398195;-0,975088598419906;0,329516313724604;-0,0592830150540719;0,0198927892061353
"SEX1_ALSPAC2";"BIRTH_WEIGHT_LGA~MOD_VIG+GESTATIONAL_AGE+SEX";-0,167446630416931;0,0519453708519541;-3,2235140046292;0,00126628106461978;-0,269257686450338;-0,0656355743835246
"(Intercept)_ALSPAC9";"BIRTH_WEIGHT~LTPA_DUR+";3488,39427981488;7,09972774136654;491,34197914235;0;3474,47906914176;3502,309490488
"LTPA_DUR_ALSPAC";"BIRTH_WEIGHT~LTPA_DUR+";0,0366172047853204;1,28467508246537;0,0285030863329658;0,977260906492911;-2,48129968868283;2,55453409825347
"(Intercept)_ALSPAC10";"BIRTH_WEIGHT~LTPA_DUR+GESTATIONAL_AGE";-1401,70867122884;144,000139560351;-9,7340785606765;2,15764235419005e-22;-1683,94375853587;-1119,47358392181
"LTPA_DUR_ALSPAC1";"BIRTH_WEIGHT~LTPA_DUR+GESTATIONAL_AGE";0,108541101447559;1,20985765861927;0,0897139433505175;0,92851453543346;-2,26273633586616;2,47981853876127
"GESTATIONAL_AGE_ALSPAC6";"BIRTH_WEIGHT~LTPA_DUR+GESTATIONAL_AGE";122,988111690732;3,6177569018965;33,9956815855313;2,58043252487016e-253;115,897438458193;130,07878492327
"(Intercept)_ALSPAC11";"BIRTH_WEIGHT~LTPA_DUR+GESTATIONAL_AGE+SEX";-1413,32345398688;142,216387336624;-9,93783825095743;2,84943459105369e-23;-1692,06245117806;-1134,5844567957
"LTPA_DUR_ALSPAC2";"BIRTH_WEIGHT~LTPA_DUR+GESTATIONAL_AGE+SEX";0,195762286955161;1,19486747577139;0,163835982587759;0,869860264389737;-2,14613493185505;2,53765950576537
"GESTATIONAL_AGE_ALSPAC7";"BIRTH_WEIGHT~LTPA_DUR+GESTATIONAL_AGE+SEX";124,977535001789;3,57530032536934;34,9558145129748;1,0565858341928e-267;117,970075130151;131,984994873427
"SEX1_ALSPAC3";"BIRTH_WEIGHT~LTPA_DUR+GESTATIONAL_AGE+SEX";-138,753099109261;9,15231258821244;-15,1604414482046;6,46334509025516e-52;-156,69130215741;-120,814896061112
"(Intercept)_ALSPAC12";"MACROSOMIA~LTPA_DUR+";-1,93250396694832;0,0455083733758751;-42,4647998509386;0;-2,02169873976004;-1,8433091941366
"LTPA_DUR_ALSPAC3";"MACROSOMIA~LTPA_DUR+";0,00308046302224153;0,00817551861938998;0,376791145082289;0,706328821790565;-0,0129432590266995;0,0191041850711825
"(Intercept)_ALSPAC13";"MACROSOMIA~LTPA_DUR+GESTATIONAL_AGE";-19,9018586742526;1,11347026808744;-17,8737225812389;1,88953943217375e-71;-22,0842202975602;-17,7194970509451
"LTPA_DUR_ALSPAC4";"MACROSOMIA~LTPA_DUR+GESTATIONAL_AGE";0,00376941597456695;0,00829034038004779;0,454675658871466;0,649342594966939;-0,0124793525899048;0,0200181845390387
"GESTATIONAL_AGE_ALSPAC8";"MACROSOMIA~LTPA_DUR+GESTATIONAL_AGE";0,448957166525886;0,027627325591032;16,2504750974383;2,21640159703133e-59;0,394808603378302;0,50310572967347
"(Intercept)_ALSPAC14";"MACROSOMIA~LTPA_DUR+GESTATIONAL_AGE+SEX";-20,0805837681719;1,1169546582006;-17,9779757582295;2,89884189120009e-72;-22,2697746706094;-17,8913928657345
"LTPA_DUR_ALSPAC5";"MACROSOMIA~LTPA_DUR+GESTATIONAL_AGE+SEX";0,00427602018637979;0,00837449213415994;0,510600537665766;0,609630799308439;-0,0121376827853877;0,0206897231581472
"GESTATIONAL_AGE_ALSPAC9";"MACROSOMIA~LTPA_DUR+GESTATIONAL_AGE+SEX";0,460547281895432;0,0277482450772021;16,5973480706286;7,2838694027983e-62;0,406161720909925;0,514932842880939
"SEX1_ALSPAC4";"MACROSOMIA~LTPA_DUR+GESTATIONAL_AGE+SEX";-0,661066395307352;0,066392020713333;-9,95701574081772;2,35011238880066e-23;-0,791192364766322;-0,530940425848382
"(Intercept)_ALSPAC15";"BIRTH_WEIGHT_LGA~LTPA_DUR+";-1,38152687053582;0,0375209277718643;-36,8201681721683;8,78290441943468e-297;-1,45506653763521;-1,30798720343644
"LTPA_DUR_ALSPAC6";"BIRTH_WEIGHT_LGA~LTPA_DUR+";0,011675506846416;0,00664871759345574;1,75605395812089;0,0790791956911615;-0,0013557401801351;0,0247067538729671
"(Intercept)_ALSPAC16";"BIRTH_WEIGHT_LGA~LTPA_DUR+GESTATIONAL_AGE";-0,508675347519817;0,802950013475481;-0,633508112563659;0,526401884816531;-2,08242845531771;1,06507776027808
"LTPA_DUR_ALSPAC7";"BIRTH_WEIGHT_LGA~LTPA_DUR+GESTATIONAL_AGE";0,0116666994083446;0,00664963981398526;1,75448591723836;0,0793472808956297;-0,00136635513723011;0,0246997539539194
"GESTATIONAL_AGE_ALSPAC10";"BIRTH_WEIGHT_LGA~LTPA_DUR+GESTATIONAL_AGE";-0,0219587773098491;0,0201836896753836;-1,0879466372608;0,276618665839014;-0,0615180821487338;0,0176005275290356
"(Intercept)_ALSPAC17";"BIRTH_WEIGHT_LGA~LTPA_DUR+GESTATIONAL_AGE+SEX";-0,524662499468402;0,803008601414744;-0,653370958348453;0,513517156776467;-2,09853043751718;1,04920543858037
"LTPA_DUR_ALSPAC8";"BIRTH_WEIGHT_LGA~LTPA_DUR+GESTATIONAL_AGE+SEX";0,0117958875846716;0,00665666664606851;1,77204120498333;0,0763877175545207;-0,00125093929871171;0,0248427144680549
"GESTATIONAL_AGE_ALSPAC11";"BIRTH_WEIGHT_LGA~LTPA_DUR+GESTATIONAL_AGE+SEX";-0,0195598600969821;0,0201979586561702;-0,968407769812265;0,332840760576731;-0,0591471316243047;0,0200274114303405
"SEX1_ALSPAC5";"BIRTH_WEIGHT_LGA~LTPA_DUR+GESTATIONAL_AGE+SEX";-0,167639367565861;0,0519455145912664;-3,22721545613577;0,0012500129747241;-0,269450705323143;-0,0658280298085793
"(Intercept)_ALSPAC18";"BIRTH_WEIGHT~LTPA_EE+";3486,44783401865;6,95479655870832;501,301196172756;0;3472,81668324378;3500,07898479352
"LTPA_EE_ALSPAC";"BIRTH_WEIGHT~LTPA_EE+";0,126210090678832;0,296759790210105;0,425293772412615;0,670622532799994;-0,455428410192635;0,707848591550298
"(Intercept)_ALSPAC19";"BIRTH_WEIGHT~LTPA_EE+GESTATIONAL_AGE";-1402,2378609805;143,960736667485;-9,74041876584262;2,02717237146827e-22;-1684,39572003663;-1120,08000192438
"LTPA_EE_ALSPAC1";"BIRTH_WEIGHT~LTPA_EE+GESTATIONAL_AGE";0,0721316696483685;0,279482949263535;0,258089696843556;0,796337683014751;-0,475644845201195;0,619908184497932
"GESTATIONAL_AGE_ALSPAC12";"BIRTH_WEIGHT~LTPA_EE+GESTATIONAL_AGE";122,982229342333;3,61779828021059;33,9936668152692;2,76352670007841e-253;115,891475009789;130,072983674876
"(Intercept)_ALSPAC20";"BIRTH_WEIGHT~LTPA_EE+GESTATIONAL_AGE+SEX";-1413,59596938597;142,17739191835;-9,94248065963804;2,71968557219108e-23;-1692,25853696177;-1134,93340181017
"LTPA_EE_ALSPAC2";"BIRTH_WEIGHT~LTPA_EE+GESTATIONAL_AGE+SEX";0,0801492313033423;0,276017468278974;0,290377387355551;0,771527541082632;-0,460835065627374;0,621133528234058
"GESTATIONAL_AGE_ALSPAC13";"BIRTH_WEIGHT~LTPA_EE+GESTATIONAL_AGE+SEX";124,970575321127;3,57533877977543;34,9534919678231;1,14601750758257e-267;117,963040080238;131,978110562016
"SEX1_ALSPAC6";"BIRTH_WEIGHT~LTPA_EE+GESTATIONAL_AGE+SEX";-138,750971156337;9,15219424502731;-15,1604049741105;6,46693549344148e-52;-156,688942256106;-120,813000056569
"(Intercept)_ALSPAC21";"MACROSOMIA~LTPA_EE+";-1,9400703556236;0,0445827065042589;-43,5162085872528;0;-2,02745085470527;-1,85268985654193
"LTPA_EE_ALSPAC3";"MACROSOMIA~LTPA_EE+";0,00119163228259951;0,00187718241832422;0,634798339770988;0,525559946241495;-0,00248757764972777;0,00487084221492679
"(Intercept)_ALSPAC22";"MACROSOMIA~LTPA_EE+GESTATIONAL_AGE";-19,9022367101105;1,11321464250118;-17,8781664831447;1,74481250707763e-71;-22,0840973164755;-17,7203761037456
"LTPA_EE_ALSPAC4";"MACROSOMIA~LTPA_EE+GESTATIONAL_AGE";0,00111453871389027;0,00189416971681534;0,588404884734478;0,556260559813696;-0,00259796571167423;0,00482704313945477
"GESTATIONAL_AGE_ALSPAC14";"MACROSOMIA~LTPA_EE+GESTATIONAL_AGE";0,44887855363065;0,0276274067405076;16,2475818974533;2,32349704419358e-59;0,394729831433016;0,503027275828284
"(Intercept)_ALSPAC23";"MACROSOMIA~LTPA_EE+GESTATIONAL_AGE+SEX";-20,0793096729583;1,11666857723046;-17,9814405835245;2,72324239776565e-72;-22,2679398669976;-17,8906794789191
"LTPA_EE_ALSPAC5";"MACROSOMIA~LTPA_EE+GESTATIONAL_AGE+SEX";0,0011730708248852;0,00191035754186007;0,614058258300174;0,539176830242846;-0,00257116115475501;0,00491730280452541
"GESTATIONAL_AGE_ALSPAC15";"MACROSOMIA~LTPA_EE+GESTATIONAL_AGE+SEX";0,460452886782591;0,0277479003482321;16,59415238645;7,68206349740584e-62;0,40606800145345;0,514837772111733
"SEX1_ALSPAC7";"MACROSOMIA~LTPA_EE+GESTATIONAL_AGE+SEX";-0,660988472414663;0,0663914354989846;-9,95592981906185;2,37591368342505e-23;-0,791113294874586;-0,530863649954739
"(Intercept)_ALSPAC24";"BIRTH_WEIGHT_LGA~LTPA_EE+";-1,38207879541076;0,0367080707532384;-37,6505429746354;0;-1,45402529202905;-1,31013229879246
"LTPA_EE_ALSPAC6";"BIRTH_WEIGHT_LGA~LTPA_EE+";0,00283774375629871;0,00152886671585014;1,85610931736503;0,0634379779564197;-0,000158779943929594;0,00583426745652701
"(Intercept)_ALSPAC25";"BIRTH_WEIGHT_LGA~LTPA_EE+GESTATIONAL_AGE";-0,497877123430089;0,802741184859491;-0,620221227987992;0,535112147516791;-2,0712209346617;1,07546668780152
"LTPA_EE_ALSPAC7";"BIRTH_WEIGHT_LGA~LTPA_EE+GESTATIONAL_AGE";0,00284967399319965;0,0015294008616158;1,86326166325615;0,0624254610418551;-0,000147896613491848;0,00584724459989114
"GESTATIONAL_AGE_ALSPAC16";"BIRTH_WEIGHT_LGA~LTPA_EE+GESTATIONAL_AGE";-0,0222502828646286;0,0201848697252371;-1,10232481891172;0,270320483165969;-0,0618119005587262;0,017311334829469
"(Intercept)_ALSPAC26";"BIRTH_WEIGHT_LGA~LTPA_EE+GESTATIONAL_AGE+SEX";-0,513511479012375;0,802797757053473;-0,639652358891893;0,522398634536933;-2,08696616970672;1,05994321168197
"LTPA_EE_ALSPAC8";"BIRTH_WEIGHT_LGA~LTPA_EE+GESTATIONAL_AGE+SEX";0,00286322889703866;0,00153052173127974;1,87075350746218;0,0613792545173434;-0,000136538573825526;0,00586299636790284
"GESTATIONAL_AGE_ALSPAC17";"BIRTH_WEIGHT_LGA~LTPA_EE+GESTATIONAL_AGE+SEX";-0,0198560347150264;0,0201990974234356;-0,983015938721542;0,325599594194527;-0,0594455381851759;0,0197334687551231
"SEX1_ALSPAC8";"BIRTH_WEIGHT_LGA~LTPA_EE+GESTATIONAL_AGE+SEX";-0,167372262110834;0,0519457079961917;-3,22206142850348;0,00127271845370926;-0,269183978934804;-0,065560545286864
"(Intercept)_GECKO";"BIRTH_WEIGHT~MOD_VIG+";3622,90516172301;15,8729920941268;228,243367113094;0;3591,79466889164;3654,01565455439
"MOD_VIG_GECKO";"BIRTH_WEIGHT~MOD_VIG+";4,82177106722939;12,9497473594876;0,372344798193823;0,709636148398028;-20,5592673662589;30,2028095007177
"(Intercept)_GECKO1";"BIRTH_WEIGHT~MOD_VIG+GESTATIONAL_AGE";-3067,10658343966;421,056560694459;-7,28431016104109;3,23320399587687e-13;-3892,36227785511;-2241,85088902422
"MOD_VIG_GECKO1";"BIRTH_WEIGHT~MOD_VIG+GESTATIONAL_AGE";2,2672649980815;11,8784968971112;0,190871371834334;0,848626369761908;-21,0141611107273;25,5486911068903
"GESTATIONAL_AGE_GECKO";"BIRTH_WEIGHT~MOD_VIG+GESTATIONAL_AGE";166,858465902239;10,495473711954;15,8981357565778;6,52785724976684e-57;146,287715426122;187,429216378355
"(Intercept)_GECKO2";"BIRTH_WEIGHT~MOD_VIG+GESTATIONAL_AGE+SEX";-3005,24742145916;413,805002026054;-7,26247243688452;3,80077983384168e-13;-3816,29032205275;-2194,20452086557
"MOD_VIG_GECKO2";"BIRTH_WEIGHT~MOD_VIG+GESTATIONAL_AGE+SEX";-0,292675286366654;11,6770027498746;-0,0250642474473851;0,980003717621262;-23,1791801234961;22,5938295507628
"GESTATIONAL_AGE_GECKO1";"BIRTH_WEIGHT~MOD_VIG+GESTATIONAL_AGE+SEX";167,433129202413;10,312682134922;16,2356530543526;2,82228290913359e-59;147,220643633956;187,64561477087
"SEX1_GECKO";"BIRTH_WEIGHT~MOD_VIG+GESTATIONAL_AGE+SEX";-174,295530174264;24,960209627577;-6,98293535089928;2,8907545867574e-12;-223,216642090884;-125,374418257643
"(Intercept)_GECKO3";"MACROSOMIA~MOD_VIG+";-1,29779189753404;0,0762072275268476;-17,0297744669537;4,93942216933155e-65;-1,44715531884831;-1,14842847621977
"MOD_VIG_GECKO3";"MACROSOMIA~MOD_VIG+";0,0173435093266208;0,0608650284973915;0,284950319662861;0,77568220377432;-0,10194975444627;0,136636773099512
"(Intercept)_GECKO4";"MACROSOMIA~MOD_VIG+GESTATIONAL_AGE";-29,4922749070919;2,7919423651477;-10,5633537694936;4,40631803473874e-26;-34,9643813896929;-24,0201684244908
"MOD_VIG_GECKO4";"MACROSOMIA~MOD_VIG+GESTATIONAL_AGE";0,00344071846796682;0,0643160778636351;0,0534970194429755;0,957335905390563;-0,122616477771632;0,129497914707565
"GESTATIONAL_AGE_GECKO2";"MACROSOMIA~MOD_VIG+GESTATIONAL_AGE";0,698596123687478;0,0687611748093936;10,1597467702376;2,99854234318287e-24;0,563826697526404;0,833365549848552
"(Intercept)_GECKO5";"MACROSOMIA~MOD_VIG+GESTATIONAL_AGE+SEX";-29,6292269371504;2,807851187911;-10,5522782206966;4,95800797663333e-26;-35,132514139404;-24,1259397348969
"MOD_VIG_GECKO5";"MACROSOMIA~MOD_VIG+GESTATIONAL_AGE+SEX";-0,0041223137466357;0,0650965204795075;-0,0633261765186577;0,949506771743969;-0,131709149405344;0,123464521912073
"GESTATIONAL_AGE_GECKO3";"MACROSOMIA~MOD_VIG+GESTATIONAL_AGE+SEX";0,709898940059971;0,0692540071819159;10,2506550732178;1,17544181386358e-24;0,574163580198338;0,845634299921604
"SEX1_GECKO1";"MACROSOMIA~MOD_VIG+GESTATIONAL_AGE+SEX";-0,725463149131394;0,144742038335426;-5,01211090761483;5,38361577063299e-07;-1,00915233131775;-0,441773966945043
"(Intercept)_GECKO6";"BIRTH_WEIGHT_LGA~MOD_VIG+";-1,67834722174454;0,026152512001267;-64,1753733508745;0;-1,72960520337227;-1,6270892401168
"MOD_VIG_GECKO6";"BIRTH_WEIGHT_LGA~MOD_VIG+";0,0140197615058445;0,0213361426266751;0,657089791306353;0,511123182661698;-0,0277983096114485;0,0558378326231375
"(Intercept)_GECKO7";"BIRTH_WEIGHT_LGA~MOD_VIG+GESTATIONAL_AGE";-3,59338495418465;0,754831791043112;-4,76051088046902;1,93103523030837e-06;-5,07282807901502;-2,11394182935429
"MOD_VIG_GECKO7";"BIRTH_WEIGHT_LGA~MOD_VIG+GESTATIONAL_AGE";0,0132885257925885;0,021294685618859;0,624030146790235;0,532607786894646;-0,0284482910824782;0,0550253426676551
"GESTATIONAL_AGE_GECKO4";"BIRTH_WEIGHT_LGA~MOD_VIG+GESTATIONAL_AGE";0,0477637813432702;0,018815327819079;2,53855695752679;0,0111310682534074;0,0108864164605609;0,0846411462259795
"(Intercept)_GECKO8";"BIRTH_WEIGHT_LGA~MOD_VIG+GESTATIONAL_AGE+SEX";-3,56256213484377;0,754257185156889;-4,72327238633164;2,32079676941176e-06;-5,04087905283183;-2,08424521685571
"MOD_VIG_GECKO8";"BIRTH_WEIGHT_LGA~MOD_VIG+GESTATIONAL_AGE+SEX";0,0120129738066761;0,0212840907723855;0,564410945956968;0,572474491195091;-0,0297030775508808;0,053729025164233
"GESTATIONAL_AGE_GECKO5";"BIRTH_WEIGHT_LGA~MOD_VIG+GESTATIONAL_AGE+SEX";0,048050121191986;0,0187972947654563;2,55622533941892;0,0105814570091156;0,0112081004449085;0,0848921419390636
"SEX1_GECKO2";"BIRTH_WEIGHT_LGA~MOD_VIG+GESTATIONAL_AGE+SEX";-0,0868469514699377;0,0454958672863909;-1,90889759114266;0,0562753038459983;-0,176017212796678;0,00232330985680243
"(Intercept)_GECKO9";"BIRTH_WEIGHT~LTPA_EE+";3622,90516172301;15,8729920941268;228,243367113094;0;3591,79466889164;3654,01565455439
"LTPA_EE_GECKO";"BIRTH_WEIGHT~LTPA_EE+";1,20544276680735;3,23743683987189;0,372344798193822;0,709636148398029;-5,13981684156473;7,55070237517942
"(Intercept)_GECKO10";"BIRTH_WEIGHT~LTPA_EE+GESTATIONAL_AGE";-3067,10658343965;421,056560694459;-7,28431016104107;3,23320399587734e-13;-3892,3622778551;-2241,85088902421
"LTPA_EE_GECKO1";"BIRTH_WEIGHT~LTPA_EE+GESTATIONAL_AGE";0,566816249520371;2,96962422427781;0,190871371834333;0,848626369761909;-5,25354027768183;6,38717277672257
"GESTATIONAL_AGE_GECKO6";"BIRTH_WEIGHT~LTPA_EE+GESTATIONAL_AGE";166,858465902238;10,495473711954;15,8981357565778;6,52785724976888e-57;146,287715426122;187,429216378355
"(Intercept)_GECKO11";"BIRTH_WEIGHT~LTPA_EE+GESTATIONAL_AGE+SEX";-3005,24742145916;413,805002026054;-7,26247243688452;3,80077983384168e-13;-3816,29032205275;-2194,20452086557
"LTPA_EE_GECKO2";"BIRTH_WEIGHT~LTPA_EE+GESTATIONAL_AGE+SEX";-0,0731688215916639;2,91925068746866;-0,0250642474473852;0,980003717621262;-5,79479503087403;5,64845738769071
"GESTATIONAL_AGE_GECKO7";"BIRTH_WEIGHT~LTPA_EE+GESTATIONAL_AGE+SEX";167,433129202413;10,312682134922;16,2356530543526;2,82228290913359e-59;147,220643633956;187,64561477087
"SEX1_GECKO3";"BIRTH_WEIGHT~LTPA_EE+GESTATIONAL_AGE+SEX";-174,295530174264;24,960209627577;-6,98293535089928;2,8907545867574e-12;-223,216642090884;-125,374418257643
"(Intercept)_GECKO12";"MACROSOMIA~LTPA_EE+";-1,29779189753404;0,0762072275268476;-17,0297744669537;4,93942216933155e-65;-1,44715531884831;-1,14842847621977
"LTPA_EE_GECKO3";"MACROSOMIA~LTPA_EE+";0,00433587733165521;0,0152162571243479;0,284950319662861;0,77568220377432;-0,0254874386115676;0,034159193274878
"(Intercept)_GECKO13";"MACROSOMIA~LTPA_EE+GESTATIONAL_AGE";-29,4922749070919;2,7919423651477;-10,5633537694936;4,40631803473874e-26;-34,9643813896929;-24,0201684244908
"LTPA_EE_GECKO4";"MACROSOMIA~LTPA_EE+GESTATIONAL_AGE";0,000860179616991704;0,0160790194659088;0,0534970194429755;0,957335905390563;-0,030654119442908;0,0323744786768914
"GESTATIONAL_AGE_GECKO8";"MACROSOMIA~LTPA_EE+GESTATIONAL_AGE";0,698596123687478;0,0687611748093936;10,1597467702376;2,99854234318287e-24;0,563826697526404;0,833365549848552
"(Intercept)_GECKO14";"MACROSOMIA~LTPA_EE+GESTATIONAL_AGE+SEX";-29,6292269371504;2,807851187911;-10,5522782206966;4,95800797663333e-26;-35,132514139404;-24,1259397348969
"LTPA_EE_GECKO5";"MACROSOMIA~LTPA_EE+GESTATIONAL_AGE+SEX";-0,00103057843665893;0,0162741301198769;-0,0633261765186577;0,949506771743969;-0,0329272873513361;0,0308661304780182
"GESTATIONAL_AGE_GECKO9";"MACROSOMIA~LTPA_EE+GESTATIONAL_AGE+SEX";0,709898940059971;0,0692540071819159;10,2506550732178;1,17544181386358e-24;0,574163580198338;0,845634299921604
"SEX1_GECKO4";"MACROSOMIA~LTPA_EE+GESTATIONAL_AGE+SEX";-0,725463149131394;0,144742038335426;-5,01211090761483;5,38361577063299e-07;-1,00915233131775;-0,441773966945043
"(Intercept)_GECKO15";"BIRTH_WEIGHT_LGA~LTPA_EE+";-1,67834722174454;0,026152512001267;-64,1753733508745;0;-1,72960520337227;-1,6270892401168
"LTPA_EE_GECKO6";"BIRTH_WEIGHT_LGA~LTPA_EE+";0,00350494037646112;0,00533403565666877;0,657089791306351;0,511123182661699;-0,00694957740286213;0,0139594581557844
"(Intercept)_GECKO16";"BIRTH_WEIGHT_LGA~LTPA_EE+GESTATIONAL_AGE";-3,59338495418458;0,754831791043112;-4,76051088046892;1,93103523030934e-06;-5,07282807901494;-2,11394182935421
"LTPA_EE_GECKO7";"BIRTH_WEIGHT_LGA~LTPA_EE+GESTATIONAL_AGE";0,0033221314481471;0,00532367140471475;0,624030146790231;0,532607786894648;-0,00711207277061956;0,0137563356669138
"GESTATIONAL_AGE_GECKO10";"BIRTH_WEIGHT_LGA~LTPA_EE+GESTATIONAL_AGE";0,0477637813432683;0,018815327819079;2,53855695752669;0,0111310682534106;0,010886416460559;0,0846411462259776
"(Intercept)_GECKO17";"BIRTH_WEIGHT_LGA~LTPA_EE+GESTATIONAL_AGE+SEX";-3,56256213484377;0,754257185156889;-4,72327238633164;2,32079676941176e-06;-5,04087905283183;-2,08424521685571
"LTPA_EE_GECKO8";"BIRTH_WEIGHT_LGA~LTPA_EE+GESTATIONAL_AGE+SEX";0,00300324345166902;0,00532102269309638;0,564410945956968;0,572474491195091;-0,00742576938772021;0,0134322562910582
"GESTATIONAL_AGE_GECKO11";"BIRTH_WEIGHT_LGA~LTPA_EE+GESTATIONAL_AGE+SEX";0,048050121191986;0,0187972947654563;2,55622533941892;0,0105814570091156;0,0112081004449085;0,0848921419390636
"SEX1_GECKO5";"BIRTH_WEIGHT_LGA~LTPA_EE+GESTATIONAL_AGE+SEX";-0,0868469514699377;0,0454958672863909;-1,90889759114266;0,0562753038459983;-0,176017212796678;0,00232330985680243
"(Intercept)_HSS";"BIRTH_WEIGHT~MOD_VIG+";3270,47513343663;25,473985083547;128,384904156552;0;3220,54704013017;3320,40322674309
"MOD_VIG_HSS";"BIRTH_WEIGHT~MOD_VIG+";9,01584458650419;10,7642903157318;0,837569809254188;0,402272354750112;-12,0817767514634;30,1134659244718
"(Intercept)_HSS1";"BIRTH_WEIGHT~MOD_VIG+GESTATIONAL_AGE";-3062,91496310611;449,601015697941;-6,81251789067108;9,59051245668972e-12;-3944,1167612867;-2181,71316492552
"MOD_VIG_HSS1";"BIRTH_WEIGHT~MOD_VIG+GESTATIONAL_AGE";12,6100056919837;9,87842203366715;1,27652024270748;0,201771675723425;-6,75134571809086;31,9713571020582
"GESTATIONAL_AGE_HSS";"BIRTH_WEIGHT~MOD_VIG+GESTATIONAL_AGE";159,644777513264;11,3177025791627;14,1057583371373;3,50006453069529e-45;137,462488070369;181,827066956159
"(Intercept)_HSS2";"BIRTH_WEIGHT~MOD_VIG+GESTATIONAL_AGE+SEX";-3204,64331410434;440,458606978782;-7,2756968834956;3,44636651146528e-13;-4067,92632046343;-2341,36030774524
"MOD_VIG_HSS2";"BIRTH_WEIGHT~MOD_VIG+GESTATIONAL_AGE+SEX";10,1796704937697;9,6734235808542;1,05233378944736;0,292646434296093;-8,77989133190501;29,1392323194444
"GESTATIONAL_AGE_HSS1";"BIRTH_WEIGHT~MOD_VIG+GESTATIONAL_AGE+SEX";165,358400640517;11,1064649185255;14,888481785478;3,91560161714927e-50;143,59012940465;187,126671876385
"SEX1_HSS";"BIRTH_WEIGHT~MOD_VIG+GESTATIONAL_AGE+SEX";-165,194066164999;23,9747967583977;-6,8903218588135;5,56662956865992e-12;-212,183804348126;-118,204327981872
"(Intercept)_HSS3";"MACROSOMIA~MOD_VIG+";-2,85468268724458;0,246182807797974;-11,5957840954809;4,32882855189194e-31;-3,33719212414155;-2,3721732503476
"MOD_VIG_HSS3";"MACROSOMIA~MOD_VIG+";0,0232406334327221;0,100990388876279;0,23012718033192;0,817992944772768;-0,174696891549478;0,221178158414923
"(Intercept)_HSS4";"MACROSOMIA~MOD_VIG+GESTATIONAL_AGE";-30,2328104471731;5,5910360470494;-5,40737176307924;6,39563032422324e-08;-41,1910397356551;-19,2745811586911
"MOD_VIG_HSS4";"MACROSOMIA~MOD_VIG+GESTATIONAL_AGE";0,0372916295001908;0,100890749886653;0,369623870791789;0,711662762503026;-0,160450606650887;0,235033865651268
"GESTATIONAL_AGE_HSS2";"MACROSOMIA~MOD_VIG+GESTATIONAL_AGE";0,684448183699998;0,138578016373962;4,93908198146643;7,84912106262001e-07;0,41284026255803;0,956056104841967
"(Intercept)_HSS5";"MACROSOMIA~MOD_VIG+GESTATIONAL_AGE+SEX";-31,0315096508977;5,60039966759125;-5,54094555616678;3,00842748061416e-08;-42,0080912984066;-20,0549280033887
"MOD_VIG_HSS5";"MACROSOMIA~MOD_VIG+GESTATIONAL_AGE+SEX";0,0299331662427319;0,101643546882461;0,294491555645399;0,76838231510876;-0,1692845249078;0,229150857393263
"GESTATIONAL_AGE_HSS3";"MACROSOMIA~MOD_VIG+GESTATIONAL_AGE+SEX";0,712914232282705;0,13900219891679;5,12879823368459;2,91597662427096e-07;0,440474928633925;0,985353535931485
"SEX1_HSS1";"MACROSOMIA~MOD_VIG+GESTATIONAL_AGE+SEX";-0,782911614177625;0,286140838150794;-2,73610582549925;0,00621710288048955;-1,34373735145929;-0,222085876895964
"(Intercept)_HSS6";"BIRTH_WEIGHT_LGA~MOD_VIG+";-0,736144857542512;0,121328164200247;-6,06738643409732;1,30008484869503e-09;-0,973943689685358;-0,498346025399666
"MOD_VIG_HSS6";"BIRTH_WEIGHT_LGA~MOD_VIG+";0,0964274856846939;0,0506191067280629;1,90496221521102;0,0567849828952585;-0,00278414043189847;0,195639111801286
"(Intercept)_HSS7";"BIRTH_WEIGHT_LGA~MOD_VIG+GESTATIONAL_AGE";3,26530199929113;2,36002254700486;1,38358932351522;0,166484239296558;-1,36025719554088;7,89086119412313
"MOD_VIG_HSS7";"BIRTH_WEIGHT_LGA~MOD_VIG+GESTATIONAL_AGE";0,0946210926717312;0,050772200648909;1,8636397765391;0,0623723078471453;-0,0048905920159715;0,194132777359434
"GESTATIONAL_AGE_HSS4";"BIRTH_WEIGHT_LGA~MOD_VIG+GESTATIONAL_AGE";-0,100926593874837;0,0594794506546587;-1,69683130499679;0,0897285584151888;-0,217504174978195;0,0156509872285217
"(Intercept)_HSS8";"BIRTH_WEIGHT_LGA~MOD_VIG+GESTATIONAL_AGE+SEX";3,06617890970449;2,36586129834982;1,2960095808842;0,194972184092409;-1,57082402747832;7,7031818468873
"MOD_VIG_HSS8";"BIRTH_WEIGHT_LGA~MOD_VIG+GESTATIONAL_AGE+SEX";0,0912973178060207;0,0508958685075335;1,79380606880708;0,0728441279647568;-0,00845675143063128;0,191051387042673
"GESTATIONAL_AGE_HSS5";"BIRTH_WEIGHT_LGA~MOD_VIG+GESTATIONAL_AGE+SEX";-0,0927901069056581;0,0597171585688568;-1,55382655721415;0,120225793960575;-0,209833586959685;0,0242533731483687
"SEX1_HSS2";"BIRTH_WEIGHT_LGA~MOD_VIG+GESTATIONAL_AGE+SEX";-0,245480053112342;0,129035034948815;-1,90242946971509;0,0571150313868955;-0,498384074355888;0,00742396813120294
"(Intercept)_HSS9";"BIRTH_WEIGHT~LTPA_DUR+";3269,87200889337;22,1124845440334;147,874473462354;0;3226,53233557837;3313,21168220838
"LTPA_DUR_HSS";"BIRTH_WEIGHT~LTPA_DUR+";8,90347192019941;8,36727239918704;1,06408295265545;0,287291122754746;-7,49608063104324;25,3030244714421
"(Intercept)_HSS10";"BIRTH_WEIGHT~LTPA_DUR+GESTATIONAL_AGE";-3062,62227678478;449,166851210978;-6,8184512470762;9,2027195175061e-12;-3942,97312820756;-2182,27142536201
"LTPA_DUR_HSS1";"BIRTH_WEIGHT~LTPA_DUR+GESTATIONAL_AGE";11,4535512895162;7,67764095642736;1,49180605794385;0,135749995370279;-3,5943484713111;26,5014510503435
"GESTATIONAL_AGE_HSS6";"BIRTH_WEIGHT~LTPA_DUR+GESTATIONAL_AGE";159,669356128242;11,3138693212256;14,1127099487255;3,17152206944301e-45;137,494579732847;181,844132523637
"(Intercept)_HSS11";"BIRTH_WEIGHT~LTPA_DUR+GESTATIONAL_AGE+SEX";-3204,93775340693;440,064387641628;-7,28288369477629;3,26758923605314e-13;-4067,44810406319;-2342,42740275066
"LTPA_DUR_HSS2";"BIRTH_WEIGHT~LTPA_DUR+GESTATIONAL_AGE+SEX";9,46103621179063;7,51931760586839;1,25823069428625;0,208308337345807;-5,27655548402936;24,1986279076106
"GESTATIONAL_AGE_HSS7";"BIRTH_WEIGHT~LTPA_DUR+GESTATIONAL_AGE+SEX";165,377237612612;11,1033699652909;14,8943283101959;3,58771989038722e-50;143,615032373618;187,139442851606
"SEX1_HSS3";"BIRTH_WEIGHT~LTPA_DUR+GESTATIONAL_AGE+SEX";-164,952535743497;23,9712138261162;-6,88127588949145;5,93188401428945e-12;-211,935251508394;-117,969819978601
"(Intercept)_HSS12";"MACROSOMIA~LTPA_DUR+";-2,85623834250309;0,213425909803245;-13,3828097307221;7,62109969203199e-41;-3,27454543908514;-2,43793124592103
"LTPA_DUR_HSS3";"MACROSOMIA~LTPA_DUR+";0,0228410301041784;0,0770633559659501;0,296392881128491;0,766930061266958;-0,128200372116874;0,17388243232523
"(Intercept)_HSS13";"MACROSOMIA~LTPA_DUR+GESTATIONAL_AGE";-30,2443356594757;5,59020330268991;-5,41023895229761;6,29407095414353e-08;-41,2009327990048;-19,2877385199466
"LTPA_DUR_HSS4";"MACROSOMIA~LTPA_DUR+GESTATIONAL_AGE";0,0346486033920306;0,0787032036379246;0,440243875604253;0,659760485072817;-0,119606841206223;0,188904047990284
"GESTATIONAL_AGE_HSS8";"MACROSOMIA~LTPA_DUR+GESTATIONAL_AGE";0,684780118501383;0,138598842125909;4,9407347709247;7,78287182079239e-07;0,413131379635648;0,956428857367118
"(Intercept)_HSS14";"MACROSOMIA~LTPA_DUR+GESTATIONAL_AGE+SEX";-31,0395516385495;5,59833400520262;-5,54442654005709;2,94919114895537e-08;-42,0120846621725;-20,0670186149265
"LTPA_DUR_HSS5";"MACROSOMIA~LTPA_DUR+GESTATIONAL_AGE+SEX";0,0281355955098428;0,0796210618921975;0,353368754965072;0,723812006723828;-0,127918818209699;0,184190009229384
"GESTATIONAL_AGE_HSS9";"MACROSOMIA~LTPA_DUR+GESTATIONAL_AGE+SEX";0,713126172262587;0,139004568311552;5,13023550898164;2,89379899751924e-07;0,440682224685408;0,985570119839766
"SEX1_HSS4";"MACROSOMIA~LTPA_DUR+GESTATIONAL_AGE+SEX";-0,782196827049439;0,286167376007486;-2,73335429762258;0,00626928542612606;-1,34307457757444;-0,221319076524434
"(Intercept)_HSS15";"BIRTH_WEIGHT_LGA~LTPA_DUR+";-0,703117536400435;0,105549882145813;-6,66147154412837;2,71099294418406e-11;-0,909991503978675;-0,496243568822195
"LTPA_DUR_HSS6";"BIRTH_WEIGHT_LGA~LTPA_DUR+";0,076522049026922;0,0393343677027505;1,94542466285968;0,0517238888225642;-0,000571895025124447;0,153615993078968
"(Intercept)_HSS16";"BIRTH_WEIGHT_LGA~LTPA_DUR+GESTATIONAL_AGE";3,3039750980759;2,35876789817501;1,40072073247741;0,161297600442529;-1,31912503023637;7,92707522638817
"LTPA_DUR_HSS7";"BIRTH_WEIGHT_LGA~LTPA_DUR+GESTATIONAL_AGE";0,0752707679521921;0,0394852243032267;1,9063021492331;0,0566110155706929;-0,00211884960361788;0,152660385508002
"GESTATIONAL_AGE_HSS10";"BIRTH_WEIGHT_LGA~LTPA_DUR+GESTATIONAL_AGE";-0,101093969808722;0,059479706335216;-1,69963801164344;0,0891990358122239;-0,217672052036765;0,0154841124193198
"(Intercept)_HSS17";"BIRTH_WEIGHT_LGA~LTPA_DUR+GESTATIONAL_AGE+SEX";3,10457288938087;2,36470991153675;1,31287684558454;0,189224450271114;-1,53017337111605;7,73931914987778
"LTPA_DUR_HSS8";"BIRTH_WEIGHT_LGA~LTPA_DUR+GESTATIONAL_AGE+SEX";0,0725755448085215;0,0395780131933662;1,83373390811558;0,0666935026701843;-0,00499593563012732;0,15014702524717
"GESTATIONAL_AGE_HSS11";"BIRTH_WEIGHT_LGA~LTPA_DUR+GESTATIONAL_AGE+SEX";-0,0929833554218691;0,059719333785871;-1,55700590624921;0,11946908314473;-0,210031098822902;0,0240643879791642
"SEX1_HSS5";"BIRTH_WEIGHT_LGA~LTPA_DUR+GESTATIONAL_AGE+SEX";-0,244896688252344;0,129050349506969;-1,89768326229228;0,057737818744903;-0,497830725478308;0,00803734897362121
"(Intercept)_HSS18";"BIRTH_WEIGHT~LTPA_EE+";3283,27299058914;13,9902958710134;234,682169759667;0;3255,8525145489;3310,69346662939
"LTPA_EE_HSS";"BIRTH_WEIGHT~LTPA_EE+";1,24046198257582;1,00219156150182;1,23774937868859;0,215809003682914;-0,723797383577694;3,20472134872934
"(Intercept)_HSS19";"BIRTH_WEIGHT~LTPA_EE+GESTATIONAL_AGE";-3042,13968753821;448,458227273533;-6,7835519620932;1,17256592040555e-11;-3921,10166156502;-2163,17771351141
"LTPA_EE_HSS1";"BIRTH_WEIGHT~LTPA_EE+GESTATIONAL_AGE";1,47538778085115;0,919508984510602;1,60453873285035;0,108595353898933;-0,326816712250623;3,27759227395293
"GESTATIONAL_AGE_HSS12";"BIRTH_WEIGHT~LTPA_EE+GESTATIONAL_AGE";159,600730937544;11,3107158776559;14,1105773201174;3,2689085750201e-45;137,432135177973;181,769326697115
"(Intercept)_HSS20";"BIRTH_WEIGHT~LTPA_EE+GESTATIONAL_AGE+SEX";-3187,57174169967;439,426360094044;-7,25393838689487;4,04824326658949e-13;-4048,83158134153;-2326,31190205782
"LTPA_EE_HSS2";"BIRTH_WEIGHT~LTPA_EE+GESTATIONAL_AGE+SEX";1,20209093046628;0,900822939917796;1,33443641052922;0,182060873933508;-0,563489588220085;2,96767144915265
"GESTATIONAL_AGE_HSS13";"BIRTH_WEIGHT~LTPA_EE+GESTATIONAL_AGE+SEX";165,308042198868;11,1011816598726;14,8910311770148;3,76911211806958e-50;143,550125959681;187,065958438055
"SEX1_HSS6";"BIRTH_WEIGHT~LTPA_EE+GESTATIONAL_AGE+SEX";-164,701139236525;23,9745740792172;-6,86982545309528;6,42805066814703e-12;-211,690440976478;-117,711837496572
"(Intercept)_HSS21";"MACROSOMIA~LTPA_EE+";-2,8175910958307;0,139947983538623;-20,1331310718964;3,78317973134842e-90;-3,0918841032754;-2,54329808838599
"LTPA_EE_HSS3";"MACROSOMIA~LTPA_EE+";0,00224768934731194;0,00924498719196121;0,243125198622922;0,807908411087165;-0,0158721525864661;0,02036753128109
"(Intercept)_HSS22";"MACROSOMIA~LTPA_EE+GESTATIONAL_AGE";-30,1332077364551;5,57771079307601;-5,40243279982559;6,57430901548046e-08;-41,0653200070644;-19,2010954658457
"LTPA_EE_HSS4";"MACROSOMIA~LTPA_EE+GESTATIONAL_AGE";0,00310733072395471;0,00978480681382111;0,317566895604477;0,750813488632343;-0,0160705382268168;0,0222851996747262
"GESTATIONAL_AGE_HSS14";"MACROSOMIA~LTPA_EE+GESTATIONAL_AGE";0,683503454211476;0,138473098311341;4,93600174002532;7,97403958594558e-07;0,412101168693574;0,954905739729379
"(Intercept)_HSS23";"MACROSOMIA~LTPA_EE+GESTATIONAL_AGE+SEX";-30,9383668886535;5,58569259402792;-5,538859571637;3,04447635018302e-08;-41,8861232016603;-19,9906105756466
"LTPA_EE_HSS5";"MACROSOMIA~LTPA_EE+GESTATIONAL_AGE+SEX";0,00191922894479983;0,00991672355214523;0,19353458173034;0,846540325669393;-0,0175171920620449;0,0213556499516446
"GESTATIONAL_AGE_HSS15";"MACROSOMIA~LTPA_EE+GESTATIONAL_AGE+SEX";0,711890403076324;0,13888964843838;5,12558287158573;2,96618659813385e-07;0,43967169431167;0,984109111840978
"SEX1_HSS7";"MACROSOMIA~LTPA_EE+GESTATIONAL_AGE+SEX";-0,782699886950599;0,286272727468687;-2,73410566864499;0,00625499673267336;-1,34378412254528;-0,221615651355922
"(Intercept)_HSS24";"BIRTH_WEIGHT_LGA~LTPA_EE+";-0,584669878269765;0,067439780465067;-8,66951040228574;4,33982397338202e-18;-0,716849419106585;-0,452490337432946
"LTPA_EE_HSS6";"BIRTH_WEIGHT_LGA~LTPA_EE+";0,00992229780577651;0,00474699260331313;2,09022820024015;0,036597305467465;0,000618363268404747;0,0192262323431483
"(Intercept)_HSS25";"BIRTH_WEIGHT_LGA~LTPA_EE+GESTATIONAL_AGE";3,44121896749515;2,35752018296131;1,45967741543259;0,144378751720811;-1,1794356839353;8,0618736189256
"LTPA_EE_HSS7";"BIRTH_WEIGHT_LGA~LTPA_EE+GESTATIONAL_AGE";0,00984138705723353;0,00478291168042948;2,05761421384846;0,0396271811209733;0,000467052422355802;0,0192157216921113
"GESTATIONAL_AGE_HSS16";"BIRTH_WEIGHT_LGA~LTPA_EE+GESTATIONAL_AGE";-0,101624502272946;0,0595110716710375;-1,70765706984242;0,0876999922845159;-0,218264059429561;0,0150150548836694
"(Intercept)_HSS26";"BIRTH_WEIGHT_LGA~LTPA_EE+GESTATIONAL_AGE+SEX";3,23819941308134;2,36351317706159;1,37007884893927;0,170662289536447;-1,39420129094521;7,87060011710789
"LTPA_EE_HSS8";"BIRTH_WEIGHT_LGA~LTPA_EE+GESTATIONAL_AGE+SEX";0,00946480283358876;0,00478711872838469;1,97713977250413;0,0480258331628096;8,22225362375837e-05;0,0188473831309399
"GESTATIONAL_AGE_HSS17";"BIRTH_WEIGHT_LGA~LTPA_EE+GESTATIONAL_AGE+SEX";-0,093551020381234;0,0597489003696283;-1,56573626966343;0,117410371496259;-0,210656713221577;0,0235546724591093
"SEX1_HSS8";"BIRTH_WEIGHT_LGA~LTPA_EE+GESTATIONAL_AGE+SEX";-0,242771641447299;0,129116192974657;-1,88025712231889;0,0600730439275414;-0,49583472949855;0,0102914466039517
"(Intercept)_REPRO";"BIRTH_WEIGHT~MOD_VIG+";3398,65822298816;18,5231501854452;183,481653442442;0;3362,35351574446;3434,96293023185
"MOD_VIG_REPRO";"BIRTH_WEIGHT~MOD_VIG+";0,609101210193953;2,35756530079149;0,258360271076887;0,796128875036762;-4,01164187055871;5,22984429094661
"(Intercept)_REPRO1";"BIRTH_WEIGHT~MOD_VIG+GESTATIONAL_AGE";-1630,27847062959;502,473004349697;-3,24450956870709;0,00117653064419441;-2615,10746235864;-645,449478900548
"MOD_VIG_REPRO1";"BIRTH_WEIGHT~MOD_VIG+GESTATIONAL_AGE";0,097499802391754;2,2481301588157;0,043369287142661;0,965407159965989;-4,30875434144532;4,50375394622883
"GESTATIONAL_AGE_REPRO";"BIRTH_WEIGHT~MOD_VIG+GESTATIONAL_AGE";127,907800278298;12,7721860270176;10,0145581976123;1,3154833459549e-23;102,874775661498;152,940824895098
"(Intercept)_REPRO2";"BIRTH_WEIGHT~MOD_VIG+GESTATIONAL_AGE+SEX";-1533,62578872455;491,590670256366;-3,11972110439924;0,00181022345967733;-2497,12579756294;-570,125779886169
"MOD_VIG_REPRO2";"BIRTH_WEIGHT~MOD_VIG+GESTATIONAL_AGE+SEX";0,257272185322968;2,19864541088061;0,117013950521437;0,906848998510584;-4,0519936347773;4,56653800542323
"GESTATIONAL_AGE_REPRO1";"BIRTH_WEIGHT~MOD_VIG+GESTATIONAL_AGE+SEX";127,696670127664;12,4903747035489;10,2236060293196;1,55448259994259e-24;103,215985555298;152,17735470003
"SEX1_REPRO";"BIRTH_WEIGHT~MOD_VIG+GESTATIONAL_AGE+SEX";-179,039286719593;26,3583804891117;-6,79249951618051;1,10207185524806e-11;-230,700763169055;-127,377810270131
"(Intercept)_REPRO3";"MACROSOMIA~MOD_VIG+";-2,36370069245236;0,149427254750814;-15,8184040548298;2,32306879775687e-56;-2,65657273007264;-2,07082865483207
"MOD_VIG_REPRO3";"MACROSOMIA~MOD_VIG+";-0,00332644978991196;0,0193885699045706;-0,171567568226256;0,863777506135237;-0,0413273485146076;0,0346744489347836
"(Intercept)_REPRO4";"MACROSOMIA~MOD_VIG+GESTATIONAL_AGE";-19,3943829692615;4,60762338610043;-4,20919449010688;2,56282716075648e-05;-28,4251588603429;-10,3636070781802
"MOD_VIG_REPRO4";"MACROSOMIA~MOD_VIG+GESTATIONAL_AGE";-0,00497635899345589;0,0193261441157061;-0,257493629544636;0,796797732445136;-0,0428549054202706;0,0329021874333588
"GESTATIONAL_AGE_REPRO2";"MACROSOMIA~MOD_VIG+GESTATIONAL_AGE";0,431051616954702;0,116024737309102;3,7151699452362;0,000203067168864053;0,203647310513141;0,658455923396263
"(Intercept)_REPRO5";"MACROSOMIA~MOD_VIG+GESTATIONAL_AGE+SEX";-19,450642079167;4,67145183130635;-4,16372527889852;3,13096805606999e-05;-28,6065194240411;-10,2947647342929
"MOD_VIG_REPRO5";"MACROSOMIA~MOD_VIG+GESTATIONAL_AGE+SEX";-0,00301268385544751;0,0194053439740026;-0,155250216614744;0,876624061035392;-0,0410464591521039;0,0350210914412089
"GESTATIONAL_AGE_REPRO3";"MACROSOMIA~MOD_VIG+GESTATIONAL_AGE+SEX";0,441827188452176;0,11767796463233;3,75454478527574;0,000173656794306106;0,211182615998832;0,67247176090552
"SEX1_REPRO1";"MACROSOMIA~MOD_VIG+GESTATIONAL_AGE+SEX";-0,941436850917796;0,249656701573309;-3,77092561499437;0,000162643152451032;-1,43075499450055;-0,452118707335046
"(Intercept)_REPRO6";"BIRTH_WEIGHT_LGA~MOD_VIG+";-0,0778723466805713;0,0353953110111137;-2,20007522058841;0,0278015586290674;-0,147245881483948;-0,00849881187719437
"MOD_VIG_REPRO6";"BIRTH_WEIGHT_LGA~MOD_VIG+";-0,0116638141935426;0,0045049981355814;-2,58908302345774;0,0096231889902138;-0,0204934482897022;-0,00283418009738294
"(Intercept)_REPRO7";"BIRTH_WEIGHT_LGA~MOD_VIG+GESTATIONAL_AGE";0,68680807327237;1,00737431332985;0,681780410900235;0,495377812717389;-1,28760929980491;2,66122544634965
"MOD_VIG_REPRO7";"BIRTH_WEIGHT_LGA~MOD_VIG+GESTATIONAL_AGE";-0,0115860220869401;0,00450712487120396;-2,57060152936149;0,0101522063460174;-0,0204198245083246;-0,00275221966555562
"GESTATIONAL_AGE_REPRO4";"BIRTH_WEIGHT_LGA~MOD_VIG+GESTATIONAL_AGE";-0,0194491592141526;0,0256060962824057;-0,759551905126453;0,447522476864981;-0,0696361857123328;0,0307378672840275
"(Intercept)_REPRO8";"BIRTH_WEIGHT_LGA~MOD_VIG+GESTATIONAL_AGE+SEX";0,8172806685158;0,998056786818832;0,818871911207346;0,412859497210786;-1,13887468817488;2,77343602520648
"MOD_VIG_REPRO8";"BIRTH_WEIGHT_LGA~MOD_VIG+GESTATIONAL_AGE+SEX";-0,0113703434628358;0,00446382144110485;-2,54722183959524;0,010858438109359;-0,0201192727208189;-0,00262141420485257
"GESTATIONAL_AGE_REPRO5";"BIRTH_WEIGHT_LGA~MOD_VIG+GESTATIONAL_AGE+SEX";-0,0197341662946015;0,0253587059255744;-0,778200841656494;0,436450620719296;-0,0694363166032698;0,0299679840140668
"SEX1_REPRO2";"BIRTH_WEIGHT_LGA~MOD_VIG+GESTATIONAL_AGE+SEX";-0,241687244765755;0,0535143608868568;-4,51630629162786;6,29276269345699e-06;-0,346573464759673;-0,136801024771837
"(Intercept)_REPRO9";"BIRTH_WEIGHT~LTPA_DUR+";3403,19300711232;18,6030777928982;182,937094872091;0;3366,73164463664;3439,654369588
"LTPA_DUR_REPRO";"BIRTH_WEIGHT~LTPA_DUR+";-0,277544248238706;2,3276956751368;-0,119235624829863;0,905088683429375;-4,83974393847647;4,28465544199906
"(Intercept)_REPRO10";"BIRTH_WEIGHT~LTPA_DUR+GESTATIONAL_AGE";-1630,12148417277;502,443265152888;-3,24438916237984;0,001177028151466;-2614,89218814714;-645,3507801984
"LTPA_DUR_REPRO1";"BIRTH_WEIGHT~LTPA_DUR+GESTATIONAL_AGE";-0,768086045818929;2,21942236715049;-0,34607475223613;0,729286537208278;-5,11807395191651;3,58190186027865
"GESTATIONAL_AGE_REPRO6";"BIRTH_WEIGHT~LTPA_DUR+GESTATIONAL_AGE";128,017841701058;12,7712320349135;10,0239226216458;1,19657445995821e-23;102,986686874423;153,048996527693
"(Intercept)_REPRO11";"BIRTH_WEIGHT~LTPA_DUR+GESTATIONAL_AGE+SEX";-1533,58464079377;491,578128523621;-3,1197169926979;0,00181024872612532;-2497,06006828767;-570,109213299873
"LTPA_DUR_REPRO2";"BIRTH_WEIGHT~LTPA_DUR+GESTATIONAL_AGE+SEX";-0,550164175019053;2,17075659725555;-0,253443511683721;0,799925507464543;-4,80476892484265;3,70444057480455
"GESTATIONAL_AGE_REPRO7";"BIRTH_WEIGHT~LTPA_DUR+GESTATIONAL_AGE+SEX";127,799828422721;12,489869272227;10,2322791085493;1,42134344080244e-24;103,320134477542;152,279522367899
"SEX1_REPRO3";"BIRTH_WEIGHT~LTPA_DUR+GESTATIONAL_AGE+SEX";-178,907479352561;26,3590813282699;-6,78731846244901;1,14236863395986e-11;-230,570329421532;-127,24462928359
"(Intercept)_REPRO12";"MACROSOMIA~LTPA_DUR+";-2,34506637717404;0,150047619294686;-15,6288142937372;4,63344867986906e-55;-2,6391543069576;-2,05097844739047
"LTPA_DUR_REPRO3";"MACROSOMIA~LTPA_DUR+";-0,0069452866933896;0,0195416127284429;-0,355410108157588;0,722282377331928;-0,0452461438409672;0,031355570454188
"(Intercept)_REPRO13";"MACROSOMIA~LTPA_DUR+GESTATIONAL_AGE";-19,4089644221253;4,61027583524482;-4,20993561247395;2,55443476520031e-05;-28,4449390180004;-10,3729898262501
"LTPA_DUR_REPRO4";"MACROSOMIA~LTPA_DUR+GESTATIONAL_AGE";-0,00872413776089783;0,0194100813479155;-0,449464255431095;0,653096787850931;-0,0467671981398049;0,0293189226180092
"GESTATIONAL_AGE_REPRO8";"MACROSOMIA~LTPA_DUR+GESTATIONAL_AGE";0,431910461383116;0,11610519810452;3,71999245885876;0,000199228726525563;0,204348454680369;0,659472468085863
"(Intercept)_REPRO14";"MACROSOMIA~LTPA_DUR+GESTATIONAL_AGE+SEX";-19,4522880118943;4,67381262625637;-4,16197429537847;3,15507873049749e-05;-28,6127924298454;-10,2917835939433
"LTPA_DUR_REPRO5";"MACROSOMIA~LTPA_DUR+GESTATIONAL_AGE+SEX";-0,0066207550874995;0,0195003781276444;-0,339519318249204;0,734218546580256;-0,0448407939025951;0,0315992837275961
"GESTATIONAL_AGE_REPRO9";"MACROSOMIA~LTPA_DUR+GESTATIONAL_AGE+SEX";0,442325620121446;0,117749508468923;3,75649653126313;0,000172308658641295;0,211540824325064;0,673110415917828
"SEX1_REPRO4";"MACROSOMIA~LTPA_DUR+GESTATIONAL_AGE+SEX";-0,940097586636687;0,249667062728091;-3,76540492111503;0,000166279389973845;-1,42943603770965;-0,450759135563727
"(Intercept)_REPRO15";"BIRTH_WEIGHT_LGA~LTPA_DUR+";-0,0797355835494634;0,0355568273666125;-2,24248307441328;0,0249301680078608;-0,149425684592532;-0,0100454825063948
"LTPA_DUR_REPRO6";"BIRTH_WEIGHT_LGA~LTPA_DUR+";-0,011040415428586;0,00444902043652397;-2,48153848383126;0,0130816583695836;-0,0197603352506557;-0,00232049560651635
"(Intercept)_REPRO16";"BIRTH_WEIGHT_LGA~LTPA_DUR+GESTATIONAL_AGE";0,689059196965263;1,00764740395692;0,683829675201271;0,494082725500616;-1,28589342390558;2,6640118178361
"LTPA_DUR_REPRO7";"BIRTH_WEIGHT_LGA~LTPA_DUR+GESTATIONAL_AGE";-0,0109654894579841;0,00445104023010955;-2,46357904918649;0,0137557558992026;-0,0196893680027377;-0,00224161091323052
"GESTATIONAL_AGE_REPRO10";"BIRTH_WEIGHT_LGA~LTPA_DUR+GESTATIONAL_AGE";-0,0195536060150705;0,0256126406657997;-0,763435768697611;0,445203554974197;-0,069753459269004;0,030646247238863
"(Intercept)_REPRO17";"BIRTH_WEIGHT_LGA~LTPA_DUR+GESTATIONAL_AGE+SEX";0,819224121338467;0,998372679926871;0,820559434176898;0,411897262165502;-1,13755037446694;2,77599861714387
"LTPA_DUR_REPRO8";"BIRTH_WEIGHT_LGA~LTPA_DUR+GESTATIONAL_AGE+SEX";-0,0106716556962909;0,00440870729537924;-2,42058612225763;0,0154955083000854;-0,0193125632136132;-0,00203074817896864
"GESTATIONAL_AGE_REPRO11";"BIRTH_WEIGHT_LGA~LTPA_DUR+GESTATIONAL_AGE+SEX";-0,0198475630256028;0,0253663528414088;-0,782436606069877;0,433958027778314;-0,0695647010138993;0,0298695749626936
"SEX1_REPRO5";"BIRTH_WEIGHT_LGA~LTPA_DUR+GESTATIONAL_AGE+SEX";-0,24122892053135;0,0535340877454246;-4,50608071773797;6,60359759834734e-06;-0,34615380445759;-0,136304036605111
"(Intercept)_REPRO18";"BIRTH_WEIGHT~LTPA_EE+";3385,98820192219;20,1828244580311;167,765825291853;0;3346,43059287815;3425,54581096622
"LTPA_EE_REPRO";"BIRTH_WEIGHT~LTPA_EE+";4,66920591632866;4,26970949288338;1,09356524702937;0,274145698218028;-3,69927091417155;13,0376827468289
"(Intercept)_REPRO19";"BIRTH_WEIGHT~LTPA_EE+GESTATIONAL_AGE";-1640,56268197539;502,278096495173;-3,26624372717626;0,001089844036883;-2625,00966132926;-656,11570262152
"LTPA_EE_REPRO1";"BIRTH_WEIGHT~LTPA_EE+GESTATIONAL_AGE";4,33710055120678;4,07058766636404;1,06547282768161;0,286662015478096;-3,64110467077967;12,3153057731932
"GESTATIONAL_AGE_REPRO12";"BIRTH_WEIGHT~LTPA_EE+GESTATIONAL_AGE";127,809614055574;12,7620015337517;10,0148565033122;1,31152095342448e-23;102,796550678776;152,822677432373
"(Intercept)_REPRO20";"BIRTH_WEIGHT~LTPA_EE+GESTATIONAL_AGE+SEX";-1543,26728143903;491,440111696859;-3,14029572415323;0,00168777367701405;-2506,47220092321;-580,062361954845
"LTPA_EE_REPRO2";"BIRTH_WEIGHT~LTPA_EE+GESTATIONAL_AGE+SEX";3,97897026536668;3,98140643092494;0,999388114325797;0,317606715297554;-3,82444294706237;11,7823834777957
"GESTATIONAL_AGE_REPRO13";"BIRTH_WEIGHT~LTPA_EE+GESTATIONAL_AGE+SEX";127,628664025742;12,481333132117;10,2255634614324;1,52339421517034e-24;103,165700607746;152,091627443738
"SEX1_REPRO6";"BIRTH_WEIGHT~LTPA_EE+GESTATIONAL_AGE+SEX";-178,657028904236;26,3460604339431;-6,78116674605598;1,19209189941296e-11;-230,294358489281;-127,019699319192
"(Intercept)_REPRO21";"MACROSOMIA~LTPA_EE+";-2,3463778862416;0,161933484905074;-14,4897634211791;1,40626330505101e-47;-2,6637616845466;-2,02899408793659
"LTPA_EE_REPRO3";"MACROSOMIA~LTPA_EE+";-0,0102258002242247;0,0350050220340435;-0,2921238048152;0,770191966497767;-0,078834382688981;0,0583827822405316
"(Intercept)_REPRO22";"MACROSOMIA~LTPA_EE+GESTATIONAL_AGE";-19,3393941931258;4,60783242258814;-4,19706977587157;2,70390646890014e-05;-28,3705797881945;-10,3082085980571
"LTPA_EE_REPRO4";"MACROSOMIA~LTPA_EE+GESTATIONAL_AGE";-0,00973018032640395;0,0356373985080601;-0,273032845655197;0,784827967266066;-0,0795781979049033;0,0601178372520954
"GESTATIONAL_AGE_REPRO14";"MACROSOMIA~LTPA_EE+GESTATIONAL_AGE";0,429848755249576;0,115921373712647;3,70810611954196;0,000208815150853623;0,20264703773438;0,657050472764772
"(Intercept)_REPRO23";"MACROSOMIA~LTPA_EE+GESTATIONAL_AGE+SEX";-19,3893065755433;4,67769105919473;-4,14505924614894;3,39725861603851e-05;-28,55741258237;-10,2212005687167
"LTPA_EE_REPRO5";"MACROSOMIA~LTPA_EE+GESTATIONAL_AGE+SEX";-0,00830499643156168;0,0361179262492486;-0,229941120490949;0,818137522770473;-0,0790948310763628;0,0624848382132394
"GESTATIONAL_AGE_REPRO15";"MACROSOMIA~LTPA_EE+GESTATIONAL_AGE+SEX";0,440599641009886;0,117687346718466;3,74381489000595;0,000181247204443803;0,209936680005614;0,671262602014157
"SEX1_REPRO7";"MACROSOMIA~LTPA_EE+GESTATIONAL_AGE+SEX";-0,941787691607909;0,249586880875033;-3,77338619844949;0,000161046697253189;-1,43096898913666;-0,452606394079155
"(Intercept)_REPRO24";"BIRTH_WEIGHT_LGA~LTPA_EE+";-0,0918743233264704;0,0386668039078304;-2,37605165261318;0,0174990130267946;-0,167659866383091;-0,0160887802698501
"LTPA_EE_REPRO6";"BIRTH_WEIGHT_LGA~LTPA_EE+";-0,0133956437218615;0,00818002554835824;-1,63760414226946;0,101504298412181;-0,0294281991892611;0,00263691174553817
"(Intercept)_REPRO25";"BIRTH_WEIGHT_LGA~LTPA_EE+GESTATIONAL_AGE";0,718453745814617;1,00956441946856;0,711647252973531;0,476683238301196;-1,26025615641684;2,69716364804608
"LTPA_EE_REPRO7";"BIRTH_WEIGHT_LGA~LTPA_EE+GESTATIONAL_AGE";-0,0133421051612293;0,00818176325618088;-1,63071268911992;0,102950957844862;-0,029378066473377;0,0026938561509184
"GESTATIONAL_AGE_REPRO16";"BIRTH_WEIGHT_LGA~LTPA_EE+GESTATIONAL_AGE";-0,0206041319719049;0,0256512532789746;-0,803240751936023;0,421835595406229;-0,07087966455701;0,0296714006132002
"(Intercept)_REPRO26";"BIRTH_WEIGHT_LGA~LTPA_EE+GESTATIONAL_AGE+SEX";0,851530368396623;1,00004681032984;0,851490509845005;0,394496932851399;-1,10852536270401;2,81158609949726
"LTPA_EE_REPRO8";"BIRTH_WEIGHT_LGA~LTPA_EE+GESTATIONAL_AGE+SEX";-0,0138319409460793;0,00810188811842287;-1,70724906884691;0,0877757681832168;-0,0297113498649611;0,0020474679728025
"GESTATIONAL_AGE_REPRO17";"BIRTH_WEIGHT_LGA~LTPA_EE+GESTATIONAL_AGE+SEX";-0,020851627934641;0,0253986540584565;-0,82097373690156;0,41166122797332;-0,0706320751450077;0,0289288192757258
"SEX1_REPRO8";"BIRTH_WEIGHT_LGA~LTPA_EE+GESTATIONAL_AGE+SEX";-0,244359690962746;0,0536124200581618;-4,55789331460231;5,16692698684635e-06;-0,349438103400776;-0,139281278524716
"(Intercept)_ROLO";"BIRTH_WEIGHT~MOD_VIG+";4028,58794922519;24,2613341135157;166,049728773197;0;3981,0366081458;4076,13929030457
"MOD_VIG_ROLO";"BIRTH_WEIGHT~MOD_VIG+";28,9430947082096;22,4868095445205;1,28711432588543;0,19805444287369;-15,1302421262621;73,0164315426814
"(Intercept)_ROLO1";"BIRTH_WEIGHT~MOD_VIG+GESTATIONAL_AGE";-1806,6196234454;650,915644249221;-2,77550499731681;0,00551160523017472;-3082,39084314756;-530,848403743242
"MOD_VIG_ROLO1";"BIRTH_WEIGHT~MOD_VIG+GESTATIONAL_AGE";25,0156959105145;21,1657512431827;1,1818950162977;0,237247359707449;-16,4684142318574;66,4998060528865
"GESTATIONAL_AGE_ROLO";"BIRTH_WEIGHT~MOD_VIG+GESTATIONAL_AGE";144,821915558622;16,1449003995446;8,97013372486997;2,96154662465533e-19;113,178492241528;176,465338875716
"(Intercept)_ROLO2";"BIRTH_WEIGHT~MOD_VIG+GESTATIONAL_AGE+SEX";-1671,51963540598;639,903186987131;-2,61214457029982;0,00899761966098787;-2925,70683549316;-417,332435318807
"MOD_VIG_ROLO2";"BIRTH_WEIGHT~MOD_VIG+GESTATIONAL_AGE+SEX";22,929643767893;20,7923847518307;1,10279047072146;0,270118167306951;-17,8226814983949;63,6819690341809
"GESTATIONAL_AGE_ROLO1";"BIRTH_WEIGHT~MOD_VIG+GESTATIONAL_AGE+SEX";143,572316267949;15,858801609993;9,05316301942264;1,38885727205241e-19;112,489636274397;174,654996261501
"SEX1_ROLO";"BIRTH_WEIGHT~MOD_VIG+GESTATIONAL_AGE+SEX";-166,281747051057;34,2856756796194;-4,84988975001885;1,23530116211665e-06;-233,480436568731;-99,0830575333818
"(Intercept)_ROLO3";"MACROSOMIA~MOD_VIG+";-0,00565269212446362;0,105703872698295;-0,0534766795214571;0,957352111102324;-0,212828475639528;0,201523091390601
"MOD_VIG_ROLO3";"MACROSOMIA~MOD_VIG+";0,115740191295353;0,099045170287701;1,16855966786828;0,242581085969515;-0,078384775311178;0,309865157901883
"(Intercept)_ROLO4";"MACROSOMIA~MOD_VIG+GESTATIONAL_AGE";-26,9775647460886;3,4830314751222;-7,74542663159313;9,52614460416984e-15;-33,8041809943475;-20,1509484978297
"MOD_VIG_ROLO4";"MACROSOMIA~MOD_VIG+GESTATIONAL_AGE";0,113064927993818;0,104185935819132;1,08522256007855;0,277823094579475;-0,0911357539072821;0,317265609894918
"GESTATIONAL_AGE_ROLO2";"MACROSOMIA~MOD_VIG+GESTATIONAL_AGE";0,669115626020906;0,0863015792552813;7,75322574389574;8,95871514645128e-15;0,499967638871626;0,838263613170186
"(Intercept)_ROLO5";"MACROSOMIA~MOD_VIG+GESTATIONAL_AGE+SEX";-27,1477654898173;3,53258464018179;-7,68495825436763;1,53046890484592e-14;-34,071504156913;-20,2240268227216
"MOD_VIG_ROLO5";"MACROSOMIA~MOD_VIG+GESTATIONAL_AGE+SEX";0,103996790349684;0,106730287578697;0,974388739213343;0,329863558554018;-0,105190729364165;0,313184310063534
"GESTATIONAL_AGE_ROLO3";"MACROSOMIA~MOD_VIG+GESTATIONAL_AGE+SEX";0,683237728561245;0,0877422129781415;7,78687595594898;6,86863255916996e-15;0,511266151200245;0,855209305922245
"SEX1_ROLO1";"MACROSOMIA~MOD_VIG+GESTATIONAL_AGE+SEX";-0,773234564296588;0,174540643405087;-4,43011180210909;9,41842466671316e-06;-1,11532793920901;-0,43114118938417
"(Intercept)_ROLO6";"BIRTH_WEIGHT_LGA~MOD_VIG+";-1,544036432575;0,0553630707698014;-27,8892845195506;3,59894211155562e-171;-1,65254605735736;-1,43552680779265
"MOD_VIG_ROLO6";"BIRTH_WEIGHT_LGA~MOD_VIG+";0,0458163328387734;0,0513137003256055;0,892867451539275;0,37192815930332;-0,0547566717128945;0,146389337390441
"(Intercept)_ROLO7";"BIRTH_WEIGHT_LGA~MOD_VIG+GESTATIONAL_AGE";-6,23044689929512;1,56830901139961;-3,97271638051411;7,10576375133559e-05;-9,30427607826797;-3,15661772032227
"MOD_VIG_ROLO7";"BIRTH_WEIGHT_LGA~MOD_VIG+GESTATIONAL_AGE";0,042662134362835;0,0509965288144411;0,836569377458372;0,402834664505604;-0,0572892254500288;0,142613494175699
"GESTATIONAL_AGE_ROLO4";"BIRTH_WEIGHT_LGA~MOD_VIG+GESTATIONAL_AGE";0,116310333853944;0,0388993458806168;2,99003315405108;0,00278947168407933;0,040069016905769;0,19255165080212
"(Intercept)_ROLO8";"BIRTH_WEIGHT_LGA~MOD_VIG+GESTATIONAL_AGE+SEX";-6,15734326239192;1,56961224483013;-3,92284354474968;8,75099820013423e-05;-9,23372673195204;-3,0809597928318
"MOD_VIG_ROLO8";"BIRTH_WEIGHT_LGA~MOD_VIG+GESTATIONAL_AGE+SEX";0,0415333555923216;0,0510014364193954;0,81435658499467;0,415440702314592;-0,0584276229495028;0,141494334134146
"GESTATIONAL_AGE_ROLO5";"BIRTH_WEIGHT_LGA~MOD_VIG+GESTATIONAL_AGE+SEX";0,115634166119621;0,0388998987684013;2,97260840723709;0,00295280914033647;0,0393917655313009;0,191876566707942
"SEX1_ROLO2";"BIRTH_WEIGHT_LGA~MOD_VIG+GESTATIONAL_AGE+SEX";-0,0899763252126748;0,0840989972598579;-1,06988582675554;0,284670703497054;-0,254807330977929;0,0748546805525794
"(Intercept)_ROLO9";"BIRTH_WEIGHT~LTPA_DUR+";4033,73063840286;30,9243225965672;130,438771158422;0;3973,12007986729;4094,34119693843
"LTPA_DUR_ROLO";"BIRTH_WEIGHT~LTPA_DUR+";8,61029414277388;14,2011040224753;0,606311602896988;0,544307855233458;-19,2233582819846;36,4439465675324
"(Intercept)_ROLO10";"BIRTH_WEIGHT~LTPA_DUR+GESTATIONAL_AGE";-1804,52315376937;651,611336586529;-2,76932436937389;0,00561726802638904;-3081,65790539697;-527,388402141763
"LTPA_DUR_ROLO1";"BIRTH_WEIGHT~LTPA_DUR+GESTATIONAL_AGE";3,94924811175149;13,3743097532605;0,295286125759777;0,767775314289392;-22,2639173227218;30,1624135462248
"GESTATIONAL_AGE_ROLO6";"BIRTH_WEIGHT~LTPA_DUR+GESTATIONAL_AGE";145,031083583244;16,1708626787234;8,96866706895397;3,00124243770476e-19;113,336775134003;176,725392032484
"(Intercept)_ROLO11";"BIRTH_WEIGHT~LTPA_DUR+GESTATIONAL_AGE+SEX";-1668,39622292682;640,449185785046;-2,60504074321173;0,00918633353478384;-2923,65356099352;-413,138884860132
"LTPA_DUR_ROLO2";"BIRTH_WEIGHT~LTPA_DUR+GESTATIONAL_AGE+SEX";5,49608530044944;13,1365510225989;0,418381148217253;0,67566846756785;-20,2510815849172;31,243252185816
"GESTATIONAL_AGE_ROLO7";"BIRTH_WEIGHT~LTPA_DUR+GESTATIONAL_AGE+SEX";143,667187250079;15,8812223464617;9,04635576002042;1,47819275029143e-19;112,540563420541;174,793811079616
"SEX1_ROLO3";"BIRTH_WEIGHT~LTPA_DUR+GESTATIONAL_AGE+SEX";-167,410468400579;34,317425548723;-4,87829333709471;1,07007703020204e-06;-234,671386518211;-100,149550282947
"(Intercept)_ROLO12";"MACROSOMIA~LTPA_DUR+";-0,0136876336406644;0,134439529307162;-0,101812567413796;0,918905450135963;-0,277184269181219;0,249809001899891
"LTPA_DUR_ROLO3";"MACROSOMIA~LTPA_DUR+";0,050746120653296;0,0619446301681673;0,81921742878326;0,412662372796725;-0,0706631235119653;0,172155364818557
"(Intercept)_ROLO13";"MACROSOMIA~LTPA_DUR+GESTATIONAL_AGE";-26,8875927841234;3,47370710627531;-7,74031660169348;9,91695557858206e-15;-33,6959336052639;-20,0792519629829
"LTPA_DUR_ROLO4";"MACROSOMIA~LTPA_DUR+GESTATIONAL_AGE";0,0346596432567365;0,0653001768172309;0,530774110363371;0,595575322778778;-0,0933263514891333;0,162645638002606
"GESTATIONAL_AGE_ROLO8";"MACROSOMIA~LTPA_DUR+GESTATIONAL_AGE";0,667338737919051;0,0861391134041092;7,74722087965229;9,39254956621768e-15;0,498509177986786;0,836168297851316
"(Intercept)_ROLO14";"MACROSOMIA~LTPA_DUR+GESTATIONAL_AGE+SEX";-27,0789034237809;3,5257315808765;-7,68036443008206;1,58636648966369e-14;-33,9892103414543;-20,1685965061074
"LTPA_DUR_ROLO5";"MACROSOMIA~LTPA_DUR+GESTATIONAL_AGE+SEX";0,0411498334977674;0,0671137155207956;0,613135976431179;0,539786433779295;-0,0903906317916588;0,172690298787194
"GESTATIONAL_AGE_ROLO9";"MACROSOMIA~LTPA_DUR+GESTATIONAL_AGE+SEX";0,681622216869906;0,08764625004268;7,7769695399174;7,42824829919678e-15;0,509838723406261;0,853405710333551
"SEX1_ROLO4";"MACROSOMIA~LTPA_DUR+GESTATIONAL_AGE+SEX";-0,779157494032564;0,174523892182023;-4,46447465897637;8,02654473524315e-06;-1,12121803715108;-0,437096950914049
"(Intercept)_ROLO15";"BIRTH_WEIGHT_LGA~LTPA_DUR+";-1,50399715138463;0,0705383358364318;-21,3216988117239;7,14183649839349e-101;-1,64224974915343;-1,36574455361583
"LTPA_DUR_ROLO6";"BIRTH_WEIGHT_LGA~LTPA_DUR+";-0,00468401761384719;0,0323926980666236;-0,144601033362931;0,885025881304634;-0,0681725391865097;0,0588045039588153
"(Intercept)_ROLO16";"BIRTH_WEIGHT_LGA~LTPA_DUR+GESTATIONAL_AGE";-6,22918371537725;1,56911914954905;-3,96986023474857;7,19148037684268e-05;-9,3046007359455;-3,153766694809
"LTPA_DUR_ROLO7";"BIRTH_WEIGHT_LGA~LTPA_DUR+GESTATIONAL_AGE";-0,00845643191167505;0,0322061394078506;-0,262572045801109;0,792880448433347;-0,0715793052321383;0,0546664414087882
"GESTATIONAL_AGE_ROLO10";"BIRTH_WEIGHT_LGA~LTPA_DUR+GESTATIONAL_AGE";0,117380804587094;0,0389404064497019;3,01437029782192;0,00257513291368592;0,0410590104023276;0,193702598771861
"(Intercept)_ROLO17";"BIRTH_WEIGHT_LGA~LTPA_DUR+GESTATIONAL_AGE+SEX";-6,15525952943057;1,57039677025959;-3,91955692090038;8,8711908416884e-05;-9,23318064057739;-3,07733841828376
"LTPA_DUR_ROLO8";"BIRTH_WEIGHT_LGA~LTPA_DUR+GESTATIONAL_AGE+SEX";-0,00761641679299944;0,0322111383012414;-0,236452891598243;0,813081257946991;-0,0707490877644713;0,0555162541784724
"GESTATIONAL_AGE_ROLO11";"BIRTH_WEIGHT_LGA~LTPA_DUR+GESTATIONAL_AGE+SEX";0,116640136113041;0,0389411382420407;2,99529344489261;0,00274180929464322;0,0403169076416464;0,192963364584437
"SEX1_ROLO5";"BIRTH_WEIGHT_LGA~LTPA_DUR+GESTATIONAL_AGE+SEX";-0,0909128158467757;0,0841471508458227;-1,08040278170974;0,279962857674427;-0,255838200906247;0,0740125692126958
"(Intercept)_ROLO18";"BIRTH_WEIGHT~LTPA_EE+";4029,93255337112;28,6021504392287;140,896138628931;0;3973,87336862983;4085,9917381124
"LTPA_EE_ROLO";"BIRTH_WEIGHT~LTPA_EE+";1,16338428671986;1,34732873195351;0,863474710461385;0,387876518116173;-1,47733150324503;3,80410007668475
"(Intercept)_ROLO19";"BIRTH_WEIGHT~LTPA_EE+GESTATIONAL_AGE";-1805,91506776388;651,430245667426;-2,77223091769959;0,00556735269805923;-3082,69488771211;-529,135247815641
"LTPA_EE_ROLO1";"BIRTH_WEIGHT~LTPA_EE+GESTATIONAL_AGE";0,826779252216132;1,26852481575288;0,651764350171923;0,514553202780195;-1,65948370015481;3,31304220458708
"GESTATIONAL_AGE_ROLO12";"BIRTH_WEIGHT~LTPA_EE+GESTATIONAL_AGE";144,904901506644;16,1612883933374;8,96617262064216;3,06996683430512e-19;113,229358311937;176,58044470135
"(Intercept)_ROLO20";"BIRTH_WEIGHT~LTPA_EE+GESTATIONAL_AGE+SEX";-1670,28664261918;640,301241740293;-2,60859503892177;0,00909147618807347;-2925,25401568643;-415,319269551931
"LTPA_EE_ROLO2";"BIRTH_WEIGHT~LTPA_EE+GESTATIONAL_AGE+SEX";0,835381268267886;1,24567549194926;0,670625113576459;0,502459379829557;-1,60609783237688;3,27686036891265
"GESTATIONAL_AGE_ROLO13";"BIRTH_WEIGHT~LTPA_EE+GESTATIONAL_AGE+SEX";143,612859280023;15,8723829280895;9,04797092728088;1,45649539369183e-19;112,50356039214;174,722158167907
"SEX1_ROLO6";"BIRTH_WEIGHT~LTPA_EE+GESTATIONAL_AGE+SEX";-167,096510906806;34,299779337795;-4,8716497345708;1,10670241959908e-06;-234,322843086555;-99,8701787270567
"(Intercept)_ROLO21";"MACROSOMIA~LTPA_EE+";-0,00262902349853492;0,124400382804091;-0,0211335643771706;0,983139110367683;-0,246449293457549;0,241191246460479
"LTPA_EE_ROLO3";"MACROSOMIA~LTPA_EE+";0,00478687662663225;0,00588494612425981;0,81341044175393;0,415982774633877;-0,00674740582787555;0,01632115908114
"(Intercept)_ROLO22";"MACROSOMIA~LTPA_EE+GESTATIONAL_AGE";-26,9112685526127;3,47587298908249;-7,74230492228553;9,7630500518824e-15;-33,7238544260499;-20,0986826791754
"LTPA_EE_ROLO4";"MACROSOMIA~LTPA_EE+GESTATIONAL_AGE";0,00382535238969352;0,00618916750674956;0,618072202040387;0,536527745285387;-0,00830519301782118;0,0159558977972082
"GESTATIONAL_AGE_ROLO14";"MACROSOMIA~LTPA_EE+GESTATIONAL_AGE";0,667889913571034;0,0861575589850242;7,75195956616095;9,04852055996758e-15;0,499024200964502;0,836755626177567
"(Intercept)_ROLO23";"MACROSOMIA~LTPA_EE+GESTATIONAL_AGE+SEX";-27,0998110395985;3,5272227384715;-7,68304500422394;1,55350982389967e-14;-34,0130405724534;-20,1865815067436
"LTPA_EE_ROLO5";"MACROSOMIA~LTPA_EE+GESTATIONAL_AGE+SEX";0,00377694448006123;0,00634908747496176;0,594879893363571;0,551923758317598;-0,00866703830555816;0,0162209272656806
"GESTATIONAL_AGE_ROLO15";"MACROSOMIA~LTPA_EE+GESTATIONAL_AGE+SEX";0,682372099197217;0,0876515034754196;7,78505869427073;6,96808508948799e-15;0,510578309194607;0,854165889199826
"SEX1_ROLO7";"MACROSOMIA~LTPA_EE+GESTATIONAL_AGE+SEX";-0,776617468433421;0,174455921760072;-4,45165438122242;8,52112375843536e-06;-1,1185447919729;-0,434690144893943
"(Intercept)_ROLO24";"BIRTH_WEIGHT_LGA~LTPA_EE+";-1,52191183245407;0,0652605598655701;-23,3205451437905;2,74379443898151e-120;-1,64982017940151;-1,39400348550663
"LTPA_EE_ROLO6";"BIRTH_WEIGHT_LGA~LTPA_EE+";0,00060389251847509;0,0030741544261532;0,19644182912137;0,844264359099099;-0,00542133943969958;0,00662912447664976
"(Intercept)_ROLO25";"BIRTH_WEIGHT_LGA~LTPA_EE+GESTATIONAL_AGE";-6,22821462402055;1,56918718332901;-3,96907054186326;7,21535212321325e-05;-9,30376498834725;-3,15266425969384
"LTPA_EE_ROLO7";"BIRTH_WEIGHT_LGA~LTPA_EE+GESTATIONAL_AGE";0,000332438341398388;0,00305566543133836;0,108794090475011;0,913365811114725;-0,00565655585282884;0,00632143253562562
"GESTATIONAL_AGE_ROLO16";"BIRTH_WEIGHT_LGA~LTPA_EE+GESTATIONAL_AGE";0,116858147564132;0,0389298574660532;3,00176150570373;0,00268422380099522;0,0405570290073895;0,193159266120874
"(Intercept)_ROLO26";"BIRTH_WEIGHT_LGA~LTPA_EE+GESTATIONAL_AGE+SEX";-6,15402226626188;1,57044166231655;-3,91865703383347;8,90437089335984e-05;-9,23203136422353;-3,07601316830022
"LTPA_EE_ROLO8";"BIRTH_WEIGHT_LGA~LTPA_EE+GESTATIONAL_AGE+SEX";0,000337143873086721;0,00305521926674203;0,110350139761405;0,912131694251482;-0,00565097585460053;0,00632526360077397
"GESTATIONAL_AGE_ROLO17";"BIRTH_WEIGHT_LGA~LTPA_EE+GESTATIONAL_AGE+SEX";0,116151366083668;0,0389295690927679;2,98362835218861;0,00284852534227254;0,0398508127281789;0,192451919439156
"SEX1_ROLO8";"BIRTH_WEIGHT_LGA~LTPA_EE+GESTATIONAL_AGE+SEX";-0,0914062380669078;0,0841257192223059;-1,08654331769055;0,277238687039826;-0,256289617916156;0,0734771417823406
"(Intercept)_SWS";"BIRTH_WEIGHT~MOD_VIG+";3526,15333986922;13,580786667479;259,642789935952;0;3499,53548711924;3552,7711926192
"MOD_VIG_SWS";"BIRTH_WEIGHT~MOD_VIG+";-2,93264756833456;3,51270249310483;-0,834869327559372;0,403791286262456;-9,81741794322408;3,95212280655496
"(Intercept)_SWS1";"BIRTH_WEIGHT~MOD_VIG+GESTATIONAL_AGE";-2250,44691708764;334,302629112128;-6,73176553551071;1,67616593496215e-11;-2905,66803008447;-1595,22580409082
"MOD_VIG_SWS1";"BIRTH_WEIGHT~MOD_VIG+GESTATIONAL_AGE";-3,67756704714086;3,26618786932329;-1,12595086206808;0,260186318837904;-10,0791776377561;2,7240435434744
"GESTATIONAL_AGE_SWS";"BIRTH_WEIGHT~MOD_VIG+GESTATIONAL_AGE";144,10280733974;8,3335476060592;17,291892259062;5,41453134362637e-67;127,769354168414;160,436260511066
"(Intercept)_SWS2";"BIRTH_WEIGHT~MOD_VIG+GESTATIONAL_AGE+SEX";-2268,03924101665;329,08013370422;-6,89205761370931;5,49910915168404e-12;-2913,02445110455;-1623,05403092875
"MOD_VIG_SWS2";"BIRTH_WEIGHT~MOD_VIG+GESTATIONAL_AGE+SEX";-3,8376649259317;3,21515345407077;-1,19361796590852;0,232627442963664;-10,13924990068;2,46392004881657
"GESTATIONAL_AGE_SWS1";"BIRTH_WEIGHT~MOD_VIG+GESTATIONAL_AGE+SEX";146,434151624378;8,20852599766692;17,8392748790707;3,50211015842268e-71;130,345736302791;162,522566945966
"SEX1_SWS";"BIRTH_WEIGHT~MOD_VIG+GESTATIONAL_AGE+SEX";-156,813031485951;19,9405333776189;-7,86403395116587;3,71956665557953e-15;-195,895758738603;-117,730304233299
"(Intercept)_SWS3";"MACROSOMIA~MOD_VIG+";-1,85688344211684;0,0826538727699383;-22,4657766162434;8,97295320671882e-112;-2,01888205592867;-1,694884828305
"MOD_VIG_SWS3";"MACROSOMIA~MOD_VIG+";0,0187961537872431;0,0203233496199217;0,924855111916119;0,355041278610683;-0,0210368795130192;0,0586291870875054
"(Intercept)_SWS4";"MACROSOMIA~MOD_VIG+GESTATIONAL_AGE";-24,8596832666439;2,59636920186418;-9,57478745657389;1,02067024672537e-21;-29,9484733928667;-19,7708931404211
"MOD_VIG_SWS4";"MACROSOMIA~MOD_VIG+GESTATIONAL_AGE";0,0165358630343225;0,0208894260628475;0,79159010805625;0,428599716618441;-0,0244066597065709;0,0574783857752158
"GESTATIONAL_AGE_SWS2";"MACROSOMIA~MOD_VIG+GESTATIONAL_AGE";0,569775805589086;0,0638704942340164;8,92079844413717;4,62938443136515e-19;0,444591937215641;0,694959673962532
"(Intercept)_SWS5";"MACROSOMIA~MOD_VIG+GESTATIONAL_AGE+SEX";-25,1527078501779;2,61293618573629;-9,6262235516824;6,19650143586737e-22;-30,2739686681225;-20,0314470322333
"MOD_VIG_SWS5";"MACROSOMIA~MOD_VIG+GESTATIONAL_AGE+SEX";0,0152862723935142;0,0212348016761561;0,719868856165427;0,471605744960086;-0,0263331741106026;0,0569057188976309
"GESTATIONAL_AGE_SWS3";"MACROSOMIA~MOD_VIG+GESTATIONAL_AGE+SEX";0,584937648129476;0,0643705702627138;9,0870353601372;1,01776293789852e-19;0,458773648750252;0,7111016475087
"SEX1_SWS1";"MACROSOMIA~MOD_VIG+GESTATIONAL_AGE+SEX";-0,748134091303578;0,141938702063493;-5,27082522544779;1,35811746738144e-07;-1,02632883536039;-0,469939347246771
"(Intercept)_SWS6";"BIRTH_WEIGHT_LGA~MOD_VIG+";-1,40787266052768;0,0723329345232057;-19,4637846481399;2,22714847230802e-84;-1,54964260708925;-1,2661027139661
"MOD_VIG_SWS6";"BIRTH_WEIGHT_LGA~MOD_VIG+";-0,00711334480301709;0,0190267466647399;-0,373860278289165;0,708508270279445;-0,0444050830088748;0,0301783934028407
"(Intercept)_SWS7";"BIRTH_WEIGHT_LGA~MOD_VIG+GESTATIONAL_AGE";-4,94919246746169;1,94456134049413;-2,54514597426073;0,0109232064401996;-8,7604626605591;-1,13792227436427
"MOD_VIG_SWS7";"BIRTH_WEIGHT_LGA~MOD_VIG+GESTATIONAL_AGE";-0,00760219887535536;0,0190524003250077;-0,399015281312187;0,689881944499833;-0,0449442173314097;0,029739819580699
"GESTATIONAL_AGE_SWS4";"BIRTH_WEIGHT_LGA~MOD_VIG+GESTATIONAL_AGE";0,0882560906147069;0,0483815399809266;1,82416869428919;0,0681265728387272;-0,00656998526449391;0,183082166493908
"(Intercept)_SWS8";"BIRTH_WEIGHT_LGA~MOD_VIG+GESTATIONAL_AGE+SEX";-4,96412636105321;1,94387102997117;-2,55373236419231;0,0106575140623077;-8,77404357038748;-1,15420915171894
"MOD_VIG_SWS8";"BIRTH_WEIGHT_LGA~MOD_VIG+GESTATIONAL_AGE+SEX";-0,00779397918901519;0,0190750093962638;-0,40859634861002;0,682835910729052;-0,0451803106104553;0,0295923522324249
"GESTATIONAL_AGE_SWS5";"BIRTH_WEIGHT_LGA~MOD_VIG+GESTATIONAL_AGE+SEX";0,090275208647139;0,0483952036110751;1,86537511801024;0,0621288425455069;-0,00457764745505089;0,185128064749329
"SEX1_SWS2";"BIRTH_WEIGHT_LGA~MOD_VIG+GESTATIONAL_AGE+SEX";-0,139241028067579;0,116543749715671;-1,19475328713279;0,232183436144053;-0,367662580133545;0,0891805239983861
"(Intercept)_SWS9";"BIRTH_WEIGHT~LTPA_DUR+";3514,17205376678;16,397946286621;214,305620493097;0;3482,03266962458;3546,31143790898
"LTPA_DUR_SWS";"BIRTH_WEIGHT~LTPA_DUR+";0,609749208391108;1,43991336089172;0,423462428332146;0,671957905346808;-2,21242911981469;3,4319275365969
"(Intercept)_SWS10";"BIRTH_WEIGHT~LTPA_DUR+GESTATIONAL_AGE";-2261,92809672291;334,652867332667;-6,75902798846903;1,38920559681403e-11;-2917,83566401799;-1606,02052942782
"LTPA_DUR_SWS1";"BIRTH_WEIGHT~LTPA_DUR+GESTATIONAL_AGE";0,772254321090115;1,33892675913832;0,576771145859469;0,564094063853287;-1,85199390475793;3,39650254693816
"GESTATIONAL_AGE_SWS6";"BIRTH_WEIGHT~LTPA_DUR+GESTATIONAL_AGE";144,012818926149;8,33507936768816;17,2779181305016;6,89937585171095e-67;127,676363557198;160,349274295101
"(Intercept)_SWS11";"BIRTH_WEIGHT~LTPA_DUR+GESTATIONAL_AGE+SEX";-2277,55263887928;329,449655388383;-6,91320388905644;4,73828151278981e-12;-2923,26209815964;-1631,84317959891
"LTPA_DUR_SWS2";"BIRTH_WEIGHT~LTPA_DUR+GESTATIONAL_AGE+SEX";0,56920048689701;1,31833908623643;0,431755754524394;0,665918940247037;-2,01469664153784;3,15309761533185
"GESTATIONAL_AGE_SWS7";"BIRTH_WEIGHT~LTPA_DUR+GESTATIONAL_AGE+SEX";146,325152017922;8,21062843918459;17,8214314655376;4,81875014387532e-71;130,23261598668;162,417688049164
"SEX1_SWS3";"BIRTH_WEIGHT~LTPA_DUR+GESTATIONAL_AGE+SEX";-156,493186950106;19,9504830475996;-7,84408009453861;4,36138683799298e-15;-195,595415197578;-117,390958702634
"(Intercept)_SWS12";"MACROSOMIA~LTPA_DUR+";-1,81755193594399;0,0994773340852795;-18,2710157309388;1,4080534467993e-74;-2,0125239280292;-1,62257994385879
"LTPA_DUR_SWS3";"MACROSOMIA~LTPA_DUR+";0,000633146727377928;0,00870870218067051;0,0727027649175139;0,94204264828828;-0,0164355958988217;0,0177018893535776
"(Intercept)_SWS13";"MACROSOMIA~LTPA_DUR+GESTATIONAL_AGE";-24,853026073027;2,59712014855088;-9,56945564759269;1,07470016942498e-21;-29,94328802771;-19,7627641183439
"LTPA_DUR_SWS4";"MACROSOMIA~LTPA_DUR+GESTATIONAL_AGE";0,0010049832489248;0,00891249116797556;0,112761205591532;0,910219875572431;-0,0164631784528386;0,0184731449506882
"GESTATIONAL_AGE_SWS8";"MACROSOMIA~LTPA_DUR+GESTATIONAL_AGE";0,570373984625728;0,0638583899860708;8,93185664013987;4,18918123031517e-19;0,445213840142316;0,69553412910914
"(Intercept)_SWS14";"MACROSOMIA~LTPA_DUR+GESTATIONAL_AGE+SEX";-25,1709082994789;2,61588479852736;-9,6223305833839;6,43561914578353e-22;-30,2979482922983;-20,0438683066594
"LTPA_DUR_SWS5";"MACROSOMIA~LTPA_DUR+GESTATIONAL_AGE+SEX";0,00176549289204881;0,00896691302673479;0,196889708507823;0,843913847465799;-0,0158093336928544;0,019340319476952
"GESTATIONAL_AGE_SWS9";"MACROSOMIA~LTPA_DUR+GESTATIONAL_AGE+SEX";0,585930039010027;0,0643748601114928;9,10184562724077;8,88096048096397e-20;0,459757631681697;0,712102446338357
"SEX1_SWS4";"MACROSOMIA~LTPA_DUR+GESTATIONAL_AGE+SEX";-0,749792419738659;0,141952421446662;-5,28199809554068;1,27782527205504e-07;-1,02801405329237;-0,471570786184949
"(Intercept)_SWS15";"BIRTH_WEIGHT_LGA~LTPA_DUR+";-1,40324755321515;0,0873875922782317;-16,0577436296377;5,04574995250401e-58;-1,57452408677615;-1,23197101965415
"LTPA_DUR_SWS6";"BIRTH_WEIGHT_LGA~LTPA_DUR+";-0,00247003523097115;0,00775186694049313;-0,31863746500453;0,750001440153513;-0,0176634152472844;0,0127233447853421
"(Intercept)_SWS16";"BIRTH_WEIGHT_LGA~LTPA_DUR+GESTATIONAL_AGE";-4,93171715602712;1,94588674239443;-2,53443175729673;0,0112629862545143;-8,74558508911416;-1,11784922294007
"LTPA_DUR_SWS7";"BIRTH_WEIGHT_LGA~LTPA_DUR+GESTATIONAL_AGE";-0,0023814135976158;0,00775556025330475;-0,307058873870659;0,758798560376499;-0,0175820323740234;0,0128192051787918
"GESTATIONAL_AGE_SWS10";"BIRTH_WEIGHT_LGA~LTPA_DUR+GESTATIONAL_AGE";0,0878893002321313;0,0483743708505874;1,81685670917752;0,0692390568379887;-0,00692272440980421;0,182701324874067
"(Intercept)_SWS17";"BIRTH_WEIGHT_LGA~LTPA_DUR+GESTATIONAL_AGE+SEX";-4,94268080596037;1,94544635899821;-2,54064101181672;0,01106494644748;-8,75568560345144;-1,1296760084693
"LTPA_DUR_SWS8";"BIRTH_WEIGHT_LGA~LTPA_DUR+GESTATIONAL_AGE+SEX";-0,00251755393197667;0,00775965616592061;-0,324441428607808;0,745603859030497;-0,0177262005495952;0,0126910926856419
"GESTATIONAL_AGE_SWS11";"BIRTH_WEIGHT_LGA~LTPA_DUR+GESTATIONAL_AGE+SEX";0,0898293373636718;0,0483860987921097;1,85651126265878;0,0633807191925403;-0,00500567362126011;0,184664348348604
"SEX1_SWS5";"BIRTH_WEIGHT_LGA~LTPA_DUR+GESTATIONAL_AGE+SEX";-0,13939864593727;0,116544718877218;-1,19609577576938;0,231659185899449;-0,367822097524962;0,0890248056504216
"(Intercept)_SWS18";"BIRTH_WEIGHT~LTPA_EE+";3517,49239651929;16,5863234237863;212,07185623035;0;3484,98379997273;3550,00099306584
"LTPA_EE_SWS";"BIRTH_WEIGHT~LTPA_EE+";0,0782354699229699;0,522437835731;0,149750773340338;0,88096124846482;-0,945723872270843;1,10219481211678
"(Intercept)_SWS19";"BIRTH_WEIGHT~LTPA_EE+GESTATIONAL_AGE";-2255,04746340362;334,562326996575;-6,7402910651883;1,58069655415619e-11;-2910,77757490082;-1599,31735190642
"LTPA_EE_SWS1";"BIRTH_WEIGHT~LTPA_EE+GESTATIONAL_AGE";0,0488559387231783;0,485809471509467;0,100566048190409;0,919894949646122;-0,903313128783814;1,00102500623017
"GESTATIONAL_AGE_SWS12";"BIRTH_WEIGHT~LTPA_EE+GESTATIONAL_AGE";143,976113788522;8,33563263292939;17,2723679327894;7,5960667082656e-67;127,638574039624;160,313653537421
"(Intercept)_SWS20";"BIRTH_WEIGHT~LTPA_EE+GESTATIONAL_AGE+SEX";-2271,19050108182;329,348887979118;-6,89600172940563;5,3486544376076e-12;-2916,7024598692;-1625,67854229443
"LTPA_EE_SWS2";"BIRTH_WEIGHT~LTPA_EE+GESTATIONAL_AGE+SEX";-0,0248720470019257;0,478321997006786;-0,0519985431520365;0,958529854241483;-0,962365934148502;0,912621840144651
"GESTATIONAL_AGE_SWS13";"BIRTH_WEIGHT~LTPA_EE+GESTATIONAL_AGE+SEX";146,304566288975;8,21093479238565;17,8182594294439;5,09987833246582e-71;130,211429816492;162,397702761458
"SEX1_SWS6";"BIRTH_WEIGHT~LTPA_EE+GESTATIONAL_AGE+SEX";-156,682684484076;19,9514454065775;-7,85319967005607;4,0555522816404e-15;-195,786798920485;-117,578570047667
"(Intercept)_SWS21";"MACROSOMIA~LTPA_EE+";-1,86260664819886;0,100889317880544;-18,4618816672369;4,1850452121045e-76;-2,06034607766954;-1,66486721872818
"LTPA_EE_SWS3";"MACROSOMIA~LTPA_EE+";0,00207750302725388;0,00309928657410889;0,670316531749314;0,502656030740916;-0,00399698703576807;0,00815199309027584
"(Intercept)_SWS22";"MACROSOMIA~LTPA_EE+GESTATIONAL_AGE";-24,8834564093858;2,59704825484221;-9,58143783543124;9,5703193300308e-22;-29,9735774549891;-19,7933353637825
"LTPA_EE_SWS4";"MACROSOMIA~LTPA_EE+GESTATIONAL_AGE";0,00196110269607405;0,00317105114750214;0,618439313922396;0,536285789450279;-0,00425404334616456;0,00817624873831266
"GESTATIONAL_AGE_SWS14";"MACROSOMIA~LTPA_EE+GESTATIONAL_AGE";0,570160757917465;0,0638648579394168;8,92761334344982;4,35298045914453e-19;0,444987936478441;0,695333579356489
"(Intercept)_SWS23";"MACROSOMIA~LTPA_EE+GESTATIONAL_AGE+SEX";-25,2025469585984;2,61465356955881;-9,63896221358727;5,47385504925389e-22;-30,3271737869828;-20,0779201302141
"LTPA_EE_SWS5";"MACROSOMIA~LTPA_EE+GESTATIONAL_AGE+SEX";0,00200342169810204;0,00319480074754775;0,627088152411326;0,530601452784596;-0,00425827270487319;0,00826511610107728
"GESTATIONAL_AGE_SWS15";"MACROSOMIA~LTPA_EE+GESTATIONAL_AGE+SEX";0,585877290595013;0,0643668247196849;9,10216238173137;8,85509151259771e-20;0,459720632345228;0,712033948844798
"SEX1_SWS7";"MACROSOMIA~LTPA_EE+GESTATIONAL_AGE+SEX";-0,749628548489523;0,141956727697485;-5,28068349171172;1,28702856450526e-07;-1,02785862213975;-0,471398474839294
"(Intercept)_SWS24";"BIRTH_WEIGHT_LGA~LTPA_EE+";-1,4097062078711;0,0883377511912956;-15,9581400800931;2,50073213640915e-57;-1,5828450186813;-1,2365673970609
"LTPA_EE_SWS6";"BIRTH_WEIGHT_LGA~LTPA_EE+";-0,00060631464094644;0,00280007505331583;-0,216535139023665;0,828570637815302;-0,00609436089945454;0,00488173161756166
"(Intercept)_SWS25";"BIRTH_WEIGHT_LGA~LTPA_EE+GESTATIONAL_AGE";-4,94242114150424;1,9451975506961;-2,54083249268721;0,0110588887792579;-8,75493828368413;-1,12990399932435
"LTPA_EE_SWS7";"BIRTH_WEIGHT_LGA~LTPA_EE+GESTATIONAL_AGE";-0,000627776011315133;0,00280124774225099;-0,224105851776849;0,822674939223567;-0,00611812069790121;0,00486256867527094
"GESTATIONAL_AGE_SWS16";"BIRTH_WEIGHT_LGA~LTPA_EE+GESTATIONAL_AGE";0,0880265559710773;0,048373224004281;1,81973721584666;0,0687990329540312;-0,00678322089340186;0,182836332835557
"(Intercept)_SWS26";"BIRTH_WEIGHT_LGA~LTPA_EE+GESTATIONAL_AGE+SEX";-4,95474990469234;1,94462013151153;-2,54792688011569;0,010836518174758;-8,76613532606648;-1,14336448331819
"LTPA_EE_SWS8";"BIRTH_WEIGHT_LGA~LTPA_EE+GESTATIONAL_AGE+SEX";-0,000684065856139373;0,00280256923676969;-0,244085265464429;0,807164783938243;-0,00617700062438787;0,00480886891210912
"GESTATIONAL_AGE_SWS17";"BIRTH_WEIGHT_LGA~LTPA_EE+GESTATIONAL_AGE+SEX";0,0900043752687076;0,0483847331889135;1,86018128729354;0,0628598816165059;-0,00482795918314277;0,184836709720558
"SEX1_SWS8";"BIRTH_WEIGHT_LGA~LTPA_EE+GESTATIONAL_AGE+SEX";-0,139322812965519;0,116549465962718;-1,19539640799458;0,23193218842495;-0,367755568669823;0,0891099427387838
